Package Name,App Version Code,App Version Name,Reviewer Language,Device,Review Submit Date and Time,Review Submit Millis Since Epoch,Review Last Update Date and Time,Review Last Update Millis Since Epoch,Star Rating,Review Title,Review Text,Developer Reply Date and Time,Developer Reply Millis Since Epoch,Developer Reply Text,Review Link
com.nick.memasik,265,5.8.3,es,a10,2022-11-01T00:56:26Z,1667264186559,2022-11-01T00:56:26Z,1667264186559,5,,Muy buena la verdad,,,,http://play.google.com/console/developers/4768719844986755425/app/4973118153552701745/user-feedback/review-details?reviewId=ae04bd19-bbff-484d-8013-d192d2c50492&corpus=PUBLIC_REVIEWS
com.nick.memasik,265,5.8.3,pt,guam,2022-11-01T02:01:11Z,1667268071239,2022-11-01T02:01:11Z,1667268071239,5,,"Muito bom, s√≥ tem melhora na hora da edi√ß√£o",,,,http://play.google.com/console/developers/4768719844986755425/app/4973118153552701745/user-feedback/review-details?reviewId=858f47cd-96fa-44bc-af0b-e3bb42b25e38&corpus=PUBLIC_REVIEWS
com.nick.memasik,265,5.8.3,pt,j4primelte,2022-11-01T03:03:14Z,1667271794960,2022-11-01T03:03:14Z,1667271794960,5,,Eu adorei muito bom,,,,http://play.google.com/console/developers/4768719844986755425/app/4973118153552701745/user-feedback/review-details?reviewId=4190b98e-fa94-4ee7-9c17-aaf88d9ba812&corpus=PUBLIC_REVIEWS
com.nick.memasik,265,5.8.3,it,RED8F6,2022-11-01T10:08:44Z,1667297324975,2022-11-01T10:08:44Z,1667297324975,3,,Bella ma non ci sono le immagini di meme nel creatore dei meme,,,,http://play.google.com/console/developers/4768719844986755425/app/4973118153552701745/user-feedback/review-details?reviewId=e0f67220-7748-4f72-af92-e865962c9174&corpus=PUBLIC_REVIEWS
com.nick.memasik,241,5.6.2,ru,OP4C7BL1,2022-11-01T12:28:28Z,1667305708913,2022-11-01T12:28:28Z,1667305708913,5,,,,,,
com.nick.memasik,265,5.8.3,en,mmh6lm,2022-11-01T14:56:11Z,1667314571897,2022-11-01T14:56:11Z,1667314571897,5,,Very good üòäüòäüòäüòäüòä,,,,http://play.google.com/console/developers/4768719844986755425/app/4973118153552701745/user-feedback/review-details?reviewId=679d68f9-e1dd-4009-833f-eba9d6a5e88a&corpus=PUBLIC_REVIEWS
com.nick.memasik,265,5.8.3,es,j1minivelte,2022-11-01T16:01:30Z,1667318490128,2022-11-01T16:01:30Z,1667318490128,5,,Eta bueno,,,,http://play.google.com/console/developers/4768719844986755425/app/4973118153552701745/user-feedback/review-details?reviewId=8847e05b-1773-4715-9062-f08bac7c47b3&corpus=PUBLIC_REVIEWS
com.nick.memasik,265,5.8.3,pl,G8341,2022-11-01T16:37:20Z,1667320640753,2022-11-01T16:37:20Z,1667320640753,5,,Super.,,,,http://play.google.com/console/developers/4768719844986755425/app/4973118153552701745/user-feedback/review-details?reviewId=9e5a268a-bd75-4bb0-ab78-ddbc643f906a&corpus=PUBLIC_REVIEWS
com.nick.memasik,265,5.8.3,ru,j6lte,2022-10-25T16:51:20Z,1666716680945,2022-11-01T19:24:58Z,1667330698204,1,,–Ø –Ω–µ –º–æ–≥—É –≤—ã–ª–æ–∂–∏—Ç—å –º–µ–º –∏ —É –º–µ–Ω—è —Ç–µ—Ä—è—é—Ü–∞ –º–µ–º–∫–æ–π–Ω—ã,2022-10-26T08:09:07Z,1666771747916,"–ü—Ä–∏–≤–µ—Ç, –ø—Ä–∏—à–ª–∏—Ç–µ –Ω–∞–º –Ω–∞ –ø–æ—á—Ç—É –≤–∞—à –Ω–∏–∫–Ω–µ–π–Ω, –º—ã –ø—Ä–æ–≤–µ—Ä–∏–º. memasikapp@gmail.com",http://play.google.com/console/developers/4768719844986755425/app/4973118153552701745/user-feedback/review-details?reviewId=bce6ac62-a60a-4aae-86ea-e9071eba0517&corpus=PUBLIC_REVIEWS
com.nick.memasik,265,5.8.3,es,caprip,2022-11-01T19:27:52Z,1667330872616,2022-11-01T19:27:52Z,1667330872616,5,,,,,,
com.nick.memasik,,,es,RMX3231,2022-11-01T22:44:58Z,1667342698040,2022-11-01T22:44:58Z,1667342698040,5,,La app est√° buena y por lo q le√≠ en los comentarios y adem√°s tiene chatüòç,,,,http://play.google.com/console/developers/4768719844986755425/app/4973118153552701745/user-feedback/review-details?reviewId=ea623be5-5a8a-4f0d-8a94-a0d1177731ab&corpus=PUBLIC_REVIEWS
com.nick.memasik,265,5.8.3,en,p3q,2022-11-02T00:12:14Z,1667347934380,2022-11-02T00:12:14Z,1667347934380,5,,,,,,
com.nick.memasik,265,5.8.3,cs,camellian,2022-11-02T13:12:15Z,1667394735759,2022-11-02T13:12:15Z,1667394735759,5,,Je Dobr√°,,,,http://play.google.com/console/developers/4768719844986755425/app/4973118153552701745/user-feedback/review-details?reviewId=c54fcd20-999e-4e92-86d8-6661755142ea&corpus=PUBLIC_REVIEWS
com.nick.memasik,,,en,a51,2022-11-02T14:21:30Z,1667398890221,2022-11-02T14:21:30Z,1667398890221,5,,,,,,
com.nick.memasik,,,ru,HP10A5L,2022-11-02T16:15:20Z,1667405720906,2022-11-02T16:15:20Z,1667405720906,4,,"–ó–¥—Ä–∞–≤—Å—Ç–≤—É–π—Ç–µ.–£ –º–µ–Ω—è –Ω–µ –ø–æ–ª—É—á–∞–µ—Ç—Å—è –≤–æ–π—Ç–∏ –≤ –∞–∫–∫–∞—É–Ω—Ç,–ø–æ–∂–∞–ª—É–π—Å—Ç–∞ —Å–∫–∞–∂–∏—Ç–µ —á—Ç–æ –º–Ω–µ –¥–µ–ª–∞—Ç—å?",,,,http://play.google.com/console/developers/4768719844986755425/app/4973118153552701745/user-feedback/review-details?reviewId=2bb7bf20-0461-4371-986f-ea0d586c46a4&corpus=PUBLIC_REVIEWS
com.nick.memasik,,,es,2058,2022-11-02T17:07:07Z,1667408827308,2022-11-02T17:07:07Z,1667408827308,5,,Me gustan los memes,,,,http://play.google.com/console/developers/4768719844986755425/app/4973118153552701745/user-feedback/review-details?reviewId=728a70b2-2e8a-48f0-8aca-e9800d4612ed&corpus=PUBLIC_REVIEWS
com.nick.memasik,265,5.8.3,uk,spesn,2022-11-02T17:41:29Z,1667410889511,2022-11-02T17:41:29Z,1667410889511,5,,–°–º—ñ—à–Ω—ñ –º–µ–º–∏,,,,http://play.google.com/console/developers/4768719844986755425/app/4973118153552701745/user-feedback/review-details?reviewId=66b4f8fc-5d52-45b3-8461-c29d840eddd9&corpus=PUBLIC_REVIEWS
com.nick.memasik,265,5.8.3,fi,a20e,2022-11-02T19:17:14Z,1667416634812,2022-11-02T19:17:14Z,1667416634812,2,,Aika tyls√§ kun on pitk√§√§n pelannu joten siksi vain kaksi t√§htee,,,,http://play.google.com/console/developers/4768719844986755425/app/4973118153552701745/user-feedback/review-details?reviewId=815d156d-cf32-4f14-92a3-ef8203764116&corpus=PUBLIC_REVIEWS
com.nick.memasik,,,es,a03s,2022-11-02T19:24:54Z,1667417094822,2022-11-02T19:24:54Z,1667417094822,5,,,,,,
com.nick.memasik,265,5.8.3,es,Logic_L57,2022-11-02T22:19:27Z,1667427567819,2022-11-02T22:19:27Z,1667427567819,5,,De chill ü§ü,,,,http://play.google.com/console/developers/4768719844986755425/app/4973118153552701745/user-feedback/review-details?reviewId=a5f9622d-85de-4090-9bd9-9fd0959b0617&corpus=PUBLIC_REVIEWS
com.nick.memasik,265,5.8.3,es,U307AS,2022-11-02T22:25:57Z,1667427957975,2022-11-02T22:25:57Z,1667427957975,5,,10/10 ü¶Üüëç,,,,http://play.google.com/console/developers/4768719844986755425/app/4973118153552701745/user-feedback/review-details?reviewId=c102b26c-72be-46e8-9e09-40c8f7765f12&corpus=PUBLIC_REVIEWS
com.nick.memasik,265,5.8.3,es,cebu,2022-11-03T09:19:09Z,1667467149012,2022-11-03T09:19:09Z,1667467149012,5,,Exelente,,,,http://play.google.com/console/developers/4768719844986755425/app/4973118153552701745/user-feedback/review-details?reviewId=d5eba56b-b040-4add-80d2-1f411b39af7c&corpus=PUBLIC_REVIEWS
com.nick.memasik,265,5.8.3,ru,spes,2022-11-03T15:10:00Z,1667488200355,2022-11-03T15:10:00Z,1667488200355,5,,–ö–ª–∞—Å—Å,,,,http://play.google.com/console/developers/4768719844986755425/app/4973118153552701745/user-feedback/review-details?reviewId=afd781a0-3b34-4cd1-9115-a4690f100866&corpus=PUBLIC_REVIEWS
com.nick.memasik,,,tr,a10s,2022-11-03T16:51:52Z,1667494312627,2022-11-03T16:51:52Z,1667494312627,4,,,,,,
com.nick.memasik,265,5.8.3,es,HWJKM-H,2022-11-04T00:29:16Z,1667521756434,2022-11-04T00:29:16Z,1667521756434,5,,Muy buena,,,,http://play.google.com/console/developers/4768719844986755425/app/4973118153552701745/user-feedback/review-details?reviewId=61fd0da0-8202-4f02-af09-c5265c75d437&corpus=PUBLIC_REVIEWS
com.nick.memasik,,,es,doha,2022-11-04T01:55:43Z,1667526943174,2022-11-04T01:55:43Z,1667526943174,1,,,,,,
com.nick.memasik,265,5.8.3,es,malta,2022-11-04T02:48:25Z,1667530105368,2022-11-04T02:48:25Z,1667530105368,5,,,,,,
com.nick.memasik,265,5.8.3,en,joyeuse,2022-11-04T10:24:31Z,1667557471073,2022-11-04T10:24:31Z,1667557471073,5,,,,,,
com.nick.memasik,265,5.8.3,fi,HWSTK-HF,2022-11-04T17:21:40Z,1667582500069,2022-11-04T17:21:40Z,1667582500069,5,,Easy to do memes BUT if you can fit More than two stickers that would be greatüòÅüëçüèª,,,,http://play.google.com/console/developers/4768719844986755425/app/4973118153552701745/user-feedback/review-details?reviewId=11f45d5c-cbd8-45df-b143-d00f0bb25933&corpus=PUBLIC_REVIEWS
com.nick.memasik,,,es,HWDUB-Q,2022-11-04T19:53:09Z,1667591589667,2022-11-04T19:53:18Z,1667591598827,5,,Que es la alquimia que se respeten en los pueblos de la 5,,,,http://play.google.com/console/developers/4768719844986755425/app/4973118153552701745/user-feedback/review-details?reviewId=6115ff56-9e73-4148-8837-ac14de6951e0&corpus=PUBLIC_REVIEWS
com.nick.memasik,265,5.8.3,en,P932F20,2022-11-04T20:49:13Z,1667594953091,2022-11-04T20:49:13Z,1667594953091,4,,,,,,
com.nick.memasik,,,en,gtowifi,2022-11-04T21:46:09Z,1667598369286,2022-11-04T21:46:09Z,1667598369286,5,,It's just good,,,,http://play.google.com/console/developers/4768719844986755425/app/4973118153552701745/user-feedback/review-details?reviewId=215e9e8e-fd55-4c47-a756-2f7af18ffadc&corpus=PUBLIC_REVIEWS
com.nick.memasik,,,es,rhode,2022-11-05T01:04:23Z,1667610263287,2022-11-05T01:04:23Z,1667610263287,1,,,,,,
com.nick.memasik,265,5.8.3,pl,RMX3085L1,2022-11-05T02:16:15Z,1667614575903,2022-11-05T02:16:15Z,1667614575903,5,,,,,,
com.nick.memasik,265,5.8.3,ru,Bison2021,2022-11-05T06:09:17Z,1667628557875,2022-11-05T06:09:17Z,1667628557875,5,,"–°—Ç–∞–≤–ª—é 5 –∑–≤–µ–∑–¥ –ø–æ—Ç–æ–º—É —á—Ç–æ, 1.–Ω–∞—à–µ–ª –¥—Ä—É–∑–µ–π 2.–ø–æ—Å—Ç–æ—è–Ω–Ω–æ –∑–∞—Ö–æ–∂—É –≤ –ø—Ä–∏–ª–æ–∂–µ–Ω–∏–µ –∏ –ø–æ—Å—Ç–æ—è–Ω–Ω–æ —Å–º–∏—é—Å—å 3.–≤—Å–µ –∫—Ä—É—Ç–æ –∏ –±–∞–≥–æ–≤ –Ω–µ—Ç 4.—Ä–∞–∑—Ä–∞–±–æ—Ç—á–∏–∫–∏ —Å–ø–∞—Å–∏–±–æ —á—Ç–æ –ø–æ—Å—Ç–∞—Ä–∞–ª–∏—Å—å 5. –ü—Ä–∏–ª–æ–∂–µ–Ω–∏–µ –º–µ–º–∞—Å –ø—Ä–æ—Å—Ç–æ –∞—Ñ–∏–≥–µ–Ω–æ–µ, —Å–ø–∞—Å–∏–±–æ!",,,,http://play.google.com/console/developers/4768719844986755425/app/4973118153552701745/user-feedback/review-details?reviewId=eecf1d0f-46dc-4951-99f9-dbd62886927a&corpus=PUBLIC_REVIEWS
com.nick.memasik,265,5.8.3,ru,a32,2022-11-05T07:26:09Z,1667633169437,2022-11-05T07:26:09Z,1667633169437,5,,–û—Ö—É–µ–Ω–∞,,,,http://play.google.com/console/developers/4768719844986755425/app/4973118153552701745/user-feedback/review-details?reviewId=3e966f39-8147-4185-ad85-62f2c9742ae2&corpus=PUBLIC_REVIEWS
com.nick.memasik,251,5.7.1,en,a03s,2022-11-05T13:53:24Z,1667656404005,2022-11-05T13:53:24Z,1667656404005,5,,Great I make great memes,,,,http://play.google.com/console/developers/4768719844986755425/app/4973118153552701745/user-feedback/review-details?reviewId=18009268-5be9-4a63-a236-169bb0cc6993&corpus=PUBLIC_REVIEWS
com.nick.memasik,265,5.8.3,ru,dandelion,2022-11-05T14:55:12Z,1667660112478,2022-11-05T14:55:17Z,1667660117141,5,,,,,,
com.nick.memasik,265,5.8.3,pt,a01core,2022-11-05T16:25:53Z,1667665553538,2022-11-05T16:25:53Z,1667665553538,5,,Gostei edemais d√° pra fazer v√°rios memes e em um √∫nico dia eu fiz v√°rios e v√°rios memes eu super recomendo!!ü§©,,,,http://play.google.com/console/developers/4768719844986755425/app/4973118153552701745/user-feedback/review-details?reviewId=1bc36298-11f3-4d6a-873c-a421085336e3&corpus=PUBLIC_REVIEWS
com.nick.memasik,265,5.8.3,en,a13x,2022-11-05T16:56:13Z,1667667373633,2022-11-05T16:56:13Z,1667667373633,2,,"How come i gotta sign in to my socials to put some dad gum words on a gawl dern pitcher? Shoot, I reckon I'd be better off just makin a gat dang decoupage by now.",,,,http://play.google.com/console/developers/4768719844986755425/app/4973118153552701745/user-feedback/review-details?reviewId=0dbfb6a5-257c-4400-9a25-47249e66e4df&corpus=PUBLIC_REVIEWS
com.nick.memasik,,,es,hanoip,2022-11-05T20:53:43Z,1667681623864,2022-11-05T20:53:43Z,1667681623864,5,,Laejor app del multiverso,,,,http://play.google.com/console/developers/4768719844986755425/app/4973118153552701745/user-feedback/review-details?reviewId=ec234812-5848-40f6-a11c-5300dea4c153&corpus=PUBLIC_REVIEWS
com.nick.memasik,,,es,crownqltesq,2022-11-06T01:45:56Z,1667699156663,2022-11-06T01:45:56Z,1667699156663,5,,,,,,
com.nick.memasik,265,5.8.3,pt,j5lte,2022-11-06T04:53:07Z,1667710387656,2022-11-06T04:53:07Z,1667710387656,1,,,,,,
com.nick.memasik,265,5.8.3,en,A870,2022-11-06T09:27:48Z,1667726868382,2022-11-06T09:27:48Z,1667726868382,1,,Bad bc when I changed my profile pic it's just the same,,,,http://play.google.com/console/developers/4768719844986755425/app/4973118153552701745/user-feedback/review-details?reviewId=bf39483d-6848-4894-9b4c-64d294708f52&corpus=PUBLIC_REVIEWS
com.nick.memasik,,,pl,a02q,2022-11-06T10:17:44Z,1667729864507,2022-11-06T10:17:44Z,1667729864507,3,,Ta aplikakacja jest ca≈Çkiem dobra ale czƒôsto pomimo dobrego zasiƒôgu i internetu wyskakuje komunikat ≈ºe nie ma internetu a w innych aplikacjach tak nie jest pewnego razu napisa≈Çem bardzo d≈Çugi komentarz i akurat wtedy to siƒô sta≈Ço a kiedy wyszed≈Çem i wszed≈Çem to komentarz zniknƒÖ≈Ç A INTERNET JU≈ª MAGICZNIE SIE POJAWI≈Å,,,,http://play.google.com/console/developers/4768719844986755425/app/4973118153552701745/user-feedback/review-details?reviewId=48c6f64b-e47c-4c98-a59d-f3a1d9bd30f2&corpus=PUBLIC_REVIEWS
com.nick.memasik,265,5.8.3,ru,santoni,2022-11-06T10:29:41Z,1667730581437,2022-11-06T10:29:41Z,1667730581437,4,,–ö—Ä—É—Ç–æ–π –º–µ–Ω–µ–¥–∂–µ—Ä —Ç–æ–ª—å–∫–æ –ø—Ä–µ–¥–º–µ—Ç—ã –Ω–µ–ª—å–∑—è —É–º–µ–Ω—å—à–∏—Ç—å,,,,http://play.google.com/console/developers/4768719844986755425/app/4973118153552701745/user-feedback/review-details?reviewId=c0dd8568-cf7d-4f24-bf8d-665380d1ce3d&corpus=PUBLIC_REVIEWS
com.nick.memasik,265,5.8.3,pl,whyred,2022-11-06T12:33:10Z,1667737990626,2022-11-06T12:33:10Z,1667737990626,5,,Super gierka polecam,,,,http://play.google.com/console/developers/4768719844986755425/app/4973118153552701745/user-feedback/review-details?reviewId=317218ef-56f0-4bd9-a1ad-0533ae78fa90&corpus=PUBLIC_REVIEWS
com.nick.memasik,265,5.8.3,en,2026,2022-11-06T13:27:12Z,1667741232554,2022-11-06T13:27:12Z,1667741232554,5,,,,,,
com.nick.memasik,265,5.8.3,sr,Tokyo,2022-11-06T14:44:50Z,1667745890508,2022-11-06T14:44:50Z,1667745890508,5,,,,,,
com.nick.memasik,265,5.8.3,pl,a50,2022-11-06T14:47:22Z,1667746042886,2022-11-06T14:47:22Z,1667746042886,5,,,,,,
com.nick.memasik,265,5.8.3,en,r8q,2022-11-06T16:10:10Z,1667751010082,2022-11-06T16:10:10Z,1667751010082,5,,Good meme app,,,,http://play.google.com/console/developers/4768719844986755425/app/4973118153552701745/user-feedback/review-details?reviewId=5a399a72-4334-412a-8600-db4ff06f3e8b&corpus=PUBLIC_REVIEWS
com.nick.memasik,265,5.8.3,it,X306X,2022-11-06T18:50:03Z,1667760603377,2022-11-06T18:50:03Z,1667760603377,5,,Io amo i meme,,,,http://play.google.com/console/developers/4768719844986755425/app/4973118153552701745/user-feedback/review-details?reviewId=97bf617f-07e5-43bc-b00b-aee13560eb44&corpus=PUBLIC_REVIEWS
com.nick.memasik,265,5.8.3,es,nicklaus_f,2022-11-06T21:07:53Z,1667768873157,2022-11-06T21:07:53Z,1667768873157,4,,Es muy bueno pero no me deja utilizar todo por q unas cosas hay q pagarlas para podelaa utilizar pero de resto est√° s√∫per,,,,http://play.google.com/console/developers/4768719844986755425/app/4973118153552701745/user-feedback/review-details?reviewId=9049fd31-1f40-45ef-8d97-a8b7ada9543f&corpus=PUBLIC_REVIEWS
com.nick.memasik,,,en,EA211002,2022-11-06T22:03:13Z,1667772193275,2022-11-06T22:03:13Z,1667772193275,5,,Good,,,,http://play.google.com/console/developers/4768719844986755425/app/4973118153552701745/user-feedback/review-details?reviewId=65bc866b-e95a-4f05-a1f4-c865bcfcf84c&corpus=PUBLIC_REVIEWS
com.nick.memasik,265,5.8.3,es,a31,2022-11-07T01:33:40Z,1667784820490,2022-11-07T01:33:40Z,1667784820490,1,,No sirbe no lo instalen te pide 82 soles mejor los mantengo,,,,http://play.google.com/console/developers/4768719844986755425/app/4973118153552701745/user-feedback/review-details?reviewId=6a7b8970-8a7d-41f5-8d66-92c6ab861295&corpus=PUBLIC_REVIEWS
com.nick.memasik,265,5.8.3,en,tf10,2022-11-07T03:57:58Z,1667793478815,2022-11-07T03:57:58Z,1667793478815,5,,,,,,
com.nick.memasik,265,5.8.3,es,beyond2q,2022-11-07T05:37:26Z,1667799446424,2022-11-07T05:37:26Z,1667799446424,5,,,,,,
com.nick.memasik,265,5.8.3,es,a32,2022-11-07T06:03:38Z,1667801018184,2022-11-07T06:03:38Z,1667801018184,5,,,,,,
com.nick.memasik,,,en,OnePlus9Pro,2022-11-07T09:23:12Z,1667812992538,2022-11-07T09:23:12Z,1667812992538,2,,Does not provide templates. The section is glitched.,,,,http://play.google.com/console/developers/4768719844986755425/app/4973118153552701745/user-feedback/review-details?reviewId=f5d99306-7cfe-4fec-bf43-ee394b9d42b1&corpus=PUBLIC_REVIEWS
com.nick.memasik,265,5.8.3,it,P963F60,2022-11-07T10:54:00Z,1667818440002,2022-11-07T10:54:00Z,1667818440002,5,,,,,,
com.nick.memasik,265,5.8.3,ru,a31,2022-11-07T11:02:01Z,1667818921063,2022-11-07T11:02:01Z,1667818921063,5,,,,,,
com.nick.memasik,265,5.8.3,ru,surya,2022-11-07T12:15:59Z,1667823359221,2022-11-07T12:15:59Z,1667823359221,5,,–û—Ñ–∏–≥–µ–Ω–Ω–æ,,,,http://play.google.com/console/developers/4768719844986755425/app/4973118153552701745/user-feedback/review-details?reviewId=c8075bd6-ba0c-4fec-9dd5-01df40547459&corpus=PUBLIC_REVIEWS
com.nick.memasik,265,5.8.3,en,CPH1859,2022-11-07T12:42:50Z,1667824970893,2022-11-07T12:42:50Z,1667824970893,5,,,,,,
com.nick.memasik,,,ru,A80S,2022-11-07T14:44:12Z,1667832252880,2022-11-07T14:44:12Z,1667832252880,1,,,,,,
com.nick.memasik,265,5.8.3,es,j2corey20lte,2022-11-07T15:36:01Z,1667835361187,2022-11-07T15:36:01Z,1667835361187,5,,La app es muy buena. puedo hacer memes tranquilamente,,,,http://play.google.com/console/developers/4768719844986755425/app/4973118153552701745/user-feedback/review-details?reviewId=0e691301-28e9-42d8-b8c6-9a98b1121a87&corpus=PUBLIC_REVIEWS
com.nick.memasik,265,5.8.3,ru,galahad,2022-11-07T16:05:53Z,1667837153382,2022-11-07T16:05:53Z,1667837153382,5,,–ö–ª–∞—Å–Ω–æ,,,,http://play.google.com/console/developers/4768719844986755425/app/4973118153552701745/user-feedback/review-details?reviewId=8754f9ae-1303-4a4c-bf88-61a7484336d7&corpus=PUBLIC_REVIEWS
com.nick.memasik,265,5.8.3,es,a03,2022-11-07T19:49:59Z,1667850599875,2022-11-07T19:49:59Z,1667850599875,5,,,,,,
com.nick.memasik,,,pl,mdh15lm,2022-11-07T20:09:01Z,1667851741694,2022-11-07T20:09:01Z,1667851741694,1,,,,,,
com.nick.memasik,,,en,gta7litewifi,2022-11-07T22:54:27Z,1667861667403,2022-11-07T22:54:27Z,1667861667403,5,,"One of the best meme posting platform out of reddit , deserve a solid 5, except for community wars , where two sides + insults each other.",,,,http://play.google.com/console/developers/4768719844986755425/app/4973118153552701745/user-feedback/review-details?reviewId=dd25d6aa-d621-4559-8961-d0db9dd3329b&corpus=PUBLIC_REVIEWS
com.nick.memasik,265,5.8.3,en,a03,2022-11-08T14:29:50Z,1667917790758,2022-11-08T14:29:50Z,1667917790758,5,,,,,,
com.nick.memasik,,,en,1820,2022-11-08T15:16:59Z,1667920619205,2022-11-08T15:16:59Z,1667920619205,1,,It does not support any language other than English,,,,http://play.google.com/console/developers/4768719844986755425/app/4973118153552701745/user-feedback/review-details?reviewId=4e92623b-f463-4957-b972-bd6923b3bec9&corpus=PUBLIC_REVIEWS
com.nick.memasik,265,5.8.3,en,tonga,2022-11-08T16:22:24Z,1667924544642,2022-11-08T16:22:24Z,1667924544642,5,,,,,,
com.nick.memasik,265,5.8.3,pl,merlinnfc,2022-11-08T17:05:26Z,1667927126980,2022-11-08T17:05:26Z,1667927126980,5,,Naj lepsze do tworzenia mem√≥w,,,,http://play.google.com/console/developers/4768719844986755425/app/4973118153552701745/user-feedback/review-details?reviewId=90ce8068-c615-47ec-aad8-4492204d26c8&corpus=PUBLIC_REVIEWS
com.nick.memasik,213,5.0.3,en,hannah,2021-05-31T07:49:15Z,1622447355597,2022-11-08T17:15:07Z,1667927707186,1,,I HATE THIS STUPID APP. TERRIBLE,2021-05-31T09:18:58Z,1622452738339,"Thanks for your review! Please recommend our app to your friends, and don‚Äôt hesitate to shoot us a note at memasiksup@gmail.com if you have any questions.",http://play.google.com/console/developers/4768719844986755425/app/4973118153552701745/user-feedback/review-details?reviewId=18a03767-bfea-46e5-8fae-a03354a715c0&corpus=PUBLIC_REVIEWS
com.nick.memasik,265,5.8.3,es,aruba,2022-11-08T19:10:12Z,1667934612061,2022-11-08T19:10:12Z,1667934612061,5,,,,,,
com.nick.memasik,,,sq,mido,2022-11-08T19:30:42Z,1667935842309,2022-11-08T19:30:42Z,1667935842309,2,,,,,,
com.nick.memasik,265,5.8.3,es,j7xelte,2022-11-08T20:56:19Z,1667940979659,2022-11-08T20:56:19Z,1667940979659,5,,muy bueno los memes salen muy graciosos,,,,http://play.google.com/console/developers/4768719844986755425/app/4973118153552701745/user-feedback/review-details?reviewId=a71637af-d514-4b66-afac-487d946c6bca&corpus=PUBLIC_REVIEWS
com.nick.memasik,265,5.8.3,es,meh15lm,2022-08-07T05:34:36Z,1659850476221,2022-11-08T22:29:46Z,1667946586523,5,,Arreglen los tags que son bugeados,,,,http://play.google.com/console/developers/4768719844986755425/app/4973118153552701745/user-feedback/review-details?reviewId=23fc7fed-7815-4896-bca0-9e4e08a476eb&corpus=PUBLIC_REVIEWS
com.nick.memasik,265,5.8.3,en,100011885,2022-11-08T23:50:00Z,1667951400570,2022-11-08T23:50:00Z,1667951400570,5,,Had it since 2019 I'm pretty sure üòÉüòÉüòÉ,,,,http://play.google.com/console/developers/4768719844986755425/app/4973118153552701745/user-feedback/review-details?reviewId=e8823066-5cbf-4446-9e8d-b1ec81835f0b&corpus=PUBLIC_REVIEWS
com.nick.memasik,265,5.8.3,en,2120,2022-11-09T04:35:15Z,1667968515493,2022-11-09T04:35:15Z,1667968515493,5,,,,,,
com.nick.memasik,265,5.8.3,pt,gtexswifi,2022-11-09T16:01:40Z,1668009700580,2022-11-09T16:01:40Z,1668009700580,3,,"O app √© divertido,mas o fato de ter que gastar memecois pra fazer Posts √© muito negativo,e tbm tem uns bugs e,√†s vezes,tem um hacker e muita gente den√∫ncia esse hacker mas os donos do app n fazem nada a respeito,oque eu quero dizer,tire esse sistema de gastar memecoins conforme algu√©m vai fazendo Posts,d√™ mais aten√ß√£o para a comunidade com as poss√≠veis amea√ßas ao app,e o principal,tire os bugs que s√£o relatados pelos usu√°rios desse app,espero ter ajudado,vou avaliar positivamente se me atenderem",,,,http://play.google.com/console/developers/4768719844986755425/app/4973118153552701745/user-feedback/review-details?reviewId=e61c3e26-108f-4232-aae5-5687e37cecaf&corpus=PUBLIC_REVIEWS
com.nick.memasik,265,5.8.3,en,hero2lte,2022-10-19T19:02:19Z,1666206139049,2022-11-09T19:23:26Z,1668021806160,3,,,,,,
com.nick.memasik,,,es,guamp,2022-11-09T19:34:27Z,1668022467079,2022-11-09T19:34:27Z,1668022467079,5,,Incre√≠ble La recomiendo,,,,http://play.google.com/console/developers/4768719844986755425/app/4973118153552701745/user-feedback/review-details?reviewId=29624a11-ada7-497d-b6a1-8112b37504fe&corpus=PUBLIC_REVIEWS
com.nick.memasik,,,pt,gta4lwifi,2022-11-09T20:15:08Z,1668024908457,2022-11-09T20:15:08Z,1668024908457,1,,APP MUITO LIOX,,,,http://play.google.com/console/developers/4768719844986755425/app/4973118153552701745/user-feedback/review-details?reviewId=b5b164fa-2155-4010-a891-f21645c83110&corpus=PUBLIC_REVIEWS
com.nick.memasik,265,5.8.3,es,a51,2022-11-09T21:20:19Z,1668028819848,2022-11-09T21:20:19Z,1668028819848,5,,God :v,,,,http://play.google.com/console/developers/4768719844986755425/app/4973118153552701745/user-feedback/review-details?reviewId=144ad9a1-8e93-40f0-b83b-0875e81f1db9&corpus=PUBLIC_REVIEWS
com.nick.memasik,265,5.8.3,es,starqltesq,2022-11-09T22:40:39Z,1668033639149,2022-11-09T22:40:39Z,1668033639149,4,,Me gusta,,,,http://play.google.com/console/developers/4768719844986755425/app/4973118153552701745/user-feedback/review-details?reviewId=617ac416-2024-4bc6-85d8-09ed47d57005&corpus=PUBLIC_REVIEWS
com.nick.memasik,265,5.8.3,es,matissewifi,2022-11-10T05:02:31Z,1668056551550,2022-11-10T05:02:31Z,1668056551550,3,,Mas o menos,,,,http://play.google.com/console/developers/4768719844986755425/app/4973118153552701745/user-feedback/review-details?reviewId=b42a7334-4595-4470-bea6-a2e1a0fdf315&corpus=PUBLIC_REVIEWS
com.nick.memasik,265,5.8.3,ru,pine,2021-01-09T15:48:37Z,1610207317999,2022-11-10T11:57:06Z,1668081426491,2,,"–£ –ú–ï–ù–Ø –¢–ê–ö–û–ô –í–û–ü–†–û–° –ö –†–ê–ó–†–ê–ë–ê–ú, –ö–ê–ö –ë–´ –¢–ê–ö –ù–ï –ó–ê –ú–ê–¢–ï–†–ò–¢–°–Ø, –ü–û–ß–ï–ú–£ –ï–°–õ–ò –Ø –•–û–ß–£ –í–´–õ–û–ñ–ò–¢–¨ –ö–ê–ö–û–ô –¢–û –ü–†–û–°–¢–û–ô –ú–ï–ú –¢–û –ü–û–ñ–ê–õ–£–ô–°–¢–ê –ê –ï–°–õ–ò –Ø –•–û–ß–£ –û–¢–í–ï–¢–ò–¢–¨ –ü–û–°–¢–û–ú –ö–ê–ö–û–ú–£ –¢–û –î–û–®–ö–û–õ–¨–ù–ò–ö–£ –ö–û–¢–û–†–´–ô –û–ë–û–ó–í–ê–õ –ú–û–Æ –ú–ê–¢–¨ –£–¢–û–ü–õ–ï–ù–ù–ò–¶–û–ô –ï@–ê–ù–û–ô –¢–û –ü–û–ñ–ê–õ–£–ô–°–¢–ê –ü–û–ô–î–ò –ö–ê –¢–´ –ù–ê–§–ò–ì, –ú–ï–ù–Ø –≠–¢–û –î–ò–ö–û –í–û–ó–ú–£–©–ê–ï–¢, –ò –í–ê–ú –î–û–†–û–ì–ò–ï –†–ê–ó–†–ê–ë–û–¢–ß–ò–ö–ò –Ø –ü–ò–°–ê–õ, –¢–û–õ–¨–ö–û –í–û–¢ –ú–ù–ï –ù–ò–ö–¢–û –ù–ï –û–¢–í–ï–¢–ò–õ, –ò –õ–ò–ú–û–ù–£ –ü–ò–°–ê–õ –ò –ú–ï–ú–ê–°–ò–ö–£, –ü–†–û–°–ò–õ –≠–¢–û–ì–û –ß–ï–õ–û–í–ï–ö–ê –ó–ê–ë–ê–ù–ò–¢–¨, –ò –ó–ê–ë–ê–ù–ò–¢–¨ –ï–©–Å –ò –ó–ê –¢–û –ß–¢–û –û–ù –î–ï–õ–ê–ï–¢ –¢–£–ü–´–ï –ú–ï–ú–´, –ü–†–û–®–£, –ó–ê–ú–ï–¢–¨–¢–ï! üò§",2021-09-28T07:37:22Z,1632814642206,"–°–ø–∞—Å–∏–±–æ –∑–∞ –æ—Ç–∑—ã–≤! :) –ù–∞–ø–∏—à–∏—Ç–µ –ø–æ–∂–∞–ª—É–π—Å—Ç–∞ –±–æ–ª–µ–µ –ø–æ–¥—Ä–æ–±–Ω–æ–µ –æ–ø–∏—Å–∞–Ω–∏–µ –ø—Ä–æ–±–ª–µ–º—ã (–∂–µ–ª–∞—Ç–µ–ª—å–Ω–æ —Å –≤–∏–¥–µ–æ) –Ω–∞ –ø–æ—á—Ç—É memasiksup@gmail.com, –∏ –∫–æ–º–∞–Ω–¥–∞ Memasik –ø–æ—Å—Ç–∞—Ä–∞–µ—Ç—Å—è —ç—Ç–æ –∏—Å–ø—Ä–∞–≤–∏—Ç—å. ",http://play.google.com/console/developers/4768719844986755425/app/4973118153552701745/user-feedback/review-details?reviewId=030209f8-2827-4881-b359-b546f7c69e5c&corpus=PUBLIC_REVIEWS
com.nick.memasik,,,es,ocean,2022-11-10T15:57:20Z,1668095840305,2022-11-10T15:57:20Z,1668095840305,3,,"La aplicaci√≥n era simple y buena pero est√° fallando, cuando quieres cortar una imagen la aplicaci√≥n te da error y te manda al inicio",,,,http://play.google.com/console/developers/4768719844986755425/app/4973118153552701745/user-feedback/review-details?reviewId=007bc3d9-6404-4697-ab7d-7de9e0598eec&corpus=PUBLIC_REVIEWS
com.nick.memasik,,,bg,malta,2022-11-10T16:14:45Z,1668096885303,2022-11-10T16:14:45Z,1668096885303,4,,The app is great but when I send a gift to someone and they don't get the coins. Idk maybe this is just for flex???,,,,http://play.google.com/console/developers/4768719844986755425/app/4973118153552701745/user-feedback/review-details?reviewId=aadee46a-b071-4484-9fe3-5aac9ee4347f&corpus=PUBLIC_REVIEWS
com.nick.memasik,,,pl,a22x,2022-07-02T16:16:10Z,1656778570982,2022-11-10T16:39:53Z,1668098393569,3,,3 gwiazdki dlatego ≈ºe mnie obra≈ºano üò§üò§üò§,,,,http://play.google.com/console/developers/4768719844986755425/app/4973118153552701745/user-feedback/review-details?reviewId=ffcf8f70-a535-4d01-8f6d-e1b2ab05fbe6&corpus=PUBLIC_REVIEWS
com.nick.memasik,265,5.8.3,es,eos,2022-11-10T18:57:16Z,1668106636925,2022-11-10T18:57:16Z,1668106636925,5,,Epika,,,,http://play.google.com/console/developers/4768719844986755425/app/4973118153552701745/user-feedback/review-details?reviewId=44573b83-2163-467d-bbc8-ae1b974a7e52&corpus=PUBLIC_REVIEWS
com.nick.memasik,,,es,a12s,2022-11-10T19:59:29Z,1668110369794,2022-11-10T19:59:29Z,1668110369794,1,,"No me gust√≥, es aburrida y hay bugs. Ne se puede hacer la mayor√≠a de los memes que queremos hacery le dir√≠a a l@s creador@res que mejoren el la app",,,,http://play.google.com/console/developers/4768719844986755425/app/4973118153552701745/user-feedback/review-details?reviewId=13c93e8e-dce8-44cd-91a5-6391a910fdf7&corpus=PUBLIC_REVIEWS
com.nick.memasik,,,pl,galahad,2022-11-11T09:24:00Z,1668158640272,2022-11-11T09:24:00Z,1668158640272,2,,"Wiƒôkszo≈õƒá os√≥b jest toksyczna , nie lubiƒô. Takich os√≥b wyzywajƒÖ ciƒô i krytykujƒÖ üòìüòì",,,,http://play.google.com/console/developers/4768719844986755425/app/4973118153552701745/user-feedback/review-details?reviewId=5f04e349-6bce-4715-8c99-c02d57b97f64&corpus=PUBLIC_REVIEWS
com.nick.memasik,265,5.8.3,ru,OP4BFB,2022-11-11T12:00:54Z,1668168054904,2022-11-11T12:01:26Z,1668168086174,5,,–¢–æ–ø –ø—Ä–∏–ª–æ–∂–µ–Ω–∏–π,,,,http://play.google.com/console/developers/4768719844986755425/app/4973118153552701745/user-feedback/review-details?reviewId=9ff51b16-b073-49d6-976a-e091b9fc998b&corpus=PUBLIC_REVIEWS
com.nick.memasik,265,5.8.3,ru,angelica,2022-11-11T15:07:18Z,1668179238663,2022-11-11T15:07:18Z,1668179238663,1,,"—è —Å—Ä–∞–∑—É –Ω–∞–ø–∏—à—É –º–∏–Ω—É—Å—ã 1.–Ω–µ—Ç –º–æ–¥–µ—Ä–∞—Ç–æ—Ä–æ–≤ 2 –º–Ω–æ–≥–æ (–Ω–µ –¥–µ—Ç—Å–∫–æ–≥–æ) 3 –æ—á–µ–Ω—å –º–Ω–æ–≥–æ —á—ë—Ä–Ω–æ-–ø–∏–∞—Ä—à–∏–∫–æ–≤ (–∏ –¥–∞ —è –∑–Ω–∞—é —á—Ç–æ —Å —ç—Ç–∏–º –Ω–µ—á–µ–≥–æ –Ω–µ –ø–æ–¥–µ–ª–∞—Ç—å) 4 –æ—á–µ–Ω—å –º–Ω–æ–≥–æ –º–µ—Ä–∑–∫–∏—Ö —à–∞–±–ª–æ–Ω–æ–≤ –∏ 5 –º–∏–Ω—É—Å –≤–∞–ª—é—Ç–∞,–∏ –∏–∑–∏ —ç—Ç–æ–≥–æ –∏ –ø–æ—è–≤–ª—è—é—Ç—Å—è —á—ë—Ä–Ω–æ-–ø–∏–∞—Ä—à–∏–∫–∏ 6 –º–∏–Ω—É—Å VIP –≤–æ—Ç —ç—Ç–æ —Ç–æ—á–Ω–æ –ª–∏—à–Ω–µ–µ –∏—Ç–æ–≥–∏: –Ω–µ —Å–∫–∞—á–∏–≤–∞—Ç—å",,,,http://play.google.com/console/developers/4768719844986755425/app/4973118153552701745/user-feedback/review-details?reviewId=d1fc4d8c-ec8b-4f09-8b19-1849f52076d0&corpus=PUBLIC_REVIEWS
com.nick.memasik,265,5.8.3,ru,a02,2022-11-11T15:24:45Z,1668180285689,2022-11-11T15:24:45Z,1668180285689,5,,,,,,
com.nick.memasik,265,5.8.3,pt,kane_sprout,2022-11-11T18:16:24Z,1668190584666,2022-11-11T18:16:24Z,1668190584666,5,,,,,,
com.nick.memasik,265,5.8.3,pl,angelican,2022-11-11T20:18:41Z,1668197921026,2022-11-11T20:18:41Z,1668197921026,5,,,,,,
com.nick.memasik,265,5.8.3,pl,a51,2022-10-28T12:07:30Z,1666958850128,2022-11-11T21:17:04Z,1668201424292,1,,Ostatnio by≈Ço git ale teraz gdy pisze d≈Çugie komentarze to wyskakuje ≈ºe internetu nie mam a gdy stawiam obraz jako kom to pokazuje ≈ºe jest pusty napraw≈õcie to >:(,2022-10-28T14:00:17Z,1666965617453,"Hello, Thank you for your review. There was a problem on our side. We are sorry for the inconvenience. Now it's all fixed. What can we do to get a positive review? :)",http://play.google.com/console/developers/4768719844986755425/app/4973118153552701745/user-feedback/review-details?reviewId=0fa5f71c-0709-4a43-ba80-edc9d8554924&corpus=PUBLIC_REVIEWS
com.nick.memasik,,,fr,RCT6B06P23,2022-11-11T22:55:01Z,1668207301801,2022-11-11T22:55:01Z,1668207301801,5,,,,,,
com.nick.memasik,,,es,a03,2022-11-11T23:11:44Z,1668208304712,2022-11-11T23:11:44Z,1668208304712,5,,Epico,,,,http://play.google.com/console/developers/4768719844986755425/app/4973118153552701745/user-feedback/review-details?reviewId=7f821e91-3bec-48de-b404-d0230c1d13cb&corpus=PUBLIC_REVIEWS
com.nick.memasik,,,tr,grandpplte,2022-11-12T10:09:51Z,1668247791565,2022-11-12T10:09:51Z,1668247791565,5,,Merhaba Memasik ekibi ben eski bir Memasik kullanƒ±cƒ±sƒ±yƒ±m eskiden memasikte komik postlar atƒ±p takƒ±lƒ±rdim ancak birg√ºn uygulamayƒ± silmem gerekti yeniden y√ºkledigimde Memasik hesabƒ±ma baƒülanamadƒ±m oysaki googleye baƒülamƒ±≈ütƒ±m l√ºtfen buna bir √ß√∂z√ºm bulun,,,,http://play.google.com/console/developers/4768719844986755425/app/4973118153552701745/user-feedback/review-details?reviewId=421a47dc-b9b9-4b47-8523-c51de2292971&corpus=PUBLIC_REVIEWS
com.nick.memasik,265,5.8.3,en,a70q,2022-11-12T10:35:46Z,1668249346784,2022-11-12T10:35:46Z,1668249346784,5,,,,,,
com.nick.memasik,265,5.8.3,es,a52q,2022-11-12T11:46:02Z,1668253562968,2022-11-12T11:46:02Z,1668253562968,5,,,,,,
com.nick.memasik,265,5.8.3,sv,gta2xllte,2022-05-01T16:57:52Z,1651424272194,2022-11-12T12:55:46Z,1668257746639,5,,So good so fun i like it,,,,http://play.google.com/console/developers/4768719844986755425/app/4973118153552701745/user-feedback/review-details?reviewId=bcfabb7c-cd87-40a5-8ff5-08d647c67937&corpus=PUBLIC_REVIEWS
com.nick.memasik,265,5.8.3,sv,caprip,2022-11-12T13:32:16Z,1668259936396,2022-11-12T13:32:16Z,1668259936396,1,,I posted 3 memes and know i cant even post stuff yaayyy so happy the app isint working,,,,http://play.google.com/console/developers/4768719844986755425/app/4973118153552701745/user-feedback/review-details?reviewId=d74b0398-7a3e-4394-a39c-f2c4c513b638&corpus=PUBLIC_REVIEWS
com.nick.memasik,265,5.8.3,en,starqltecs,2022-11-12T15:59:14Z,1668268754147,2022-11-12T15:59:14Z,1668268754147,5,,üòÉüòÉüòÉüòÉüòÉüòÉüòÅüòÅüòÅüòÅüòÅüòÅüòÑüòÑüòÑüòÑ,,,,http://play.google.com/console/developers/4768719844986755425/app/4973118153552701745/user-feedback/review-details?reviewId=1ab456ca-c202-42a4-8aad-cfd861e2013b&corpus=PUBLIC_REVIEWS
com.nick.memasik,265,5.8.3,pt,j7elte,2022-11-12T16:26:44Z,1668270404633,2022-11-12T16:26:44Z,1668270404633,4,,Ele √© muito bom so que por que eu estou dando 4 estrela bom porque eu nao to conseguindo mamdar as postageme clico e nao ta dando mas te vario memes divertidos meu engra√ßados bom √© isso esse √© o meu voto,,,,http://play.google.com/console/developers/4768719844986755425/app/4973118153552701745/user-feedback/review-details?reviewId=c21994eb-8def-443d-bff2-32495ca06f97&corpus=PUBLIC_REVIEWS
com.nick.memasik,,,bs,a02,2022-11-12T18:24:24Z,1668277464509,2022-11-12T18:24:24Z,1668277464509,5,,Predobro,,,,http://play.google.com/console/developers/4768719844986755425/app/4973118153552701745/user-feedback/review-details?reviewId=a9ae8e8b-3fd4-4916-964f-19fc6d83d7cd&corpus=PUBLIC_REVIEWS
com.nick.memasik,265,5.8.3,en,nairo,2022-11-12T20:19:10Z,1668284350195,2022-11-12T20:19:10Z,1668284350195,5,,,,,,
com.nick.memasik,265,5.8.3,en,olivewood,2022-11-12T21:08:32Z,1668287312201,2022-11-12T21:08:32Z,1668287312201,5,,Discribe,,,,http://play.google.com/console/developers/4768719844986755425/app/4973118153552701745/user-feedback/review-details?reviewId=89aa9a09-ea83-4615-af0f-f9d3cd011e5a&corpus=PUBLIC_REVIEWS
com.nick.memasik,265,5.8.3,es,a10,2022-11-13T00:36:31Z,1668299791846,2022-11-13T00:36:31Z,1668299791846,4,,,,,,
com.nick.memasik,265,5.8.3,ru,2058,2022-11-13T07:08:57Z,1668323337624,2022-11-13T07:08:57Z,1668323337624,4,,"—Ö–æ—Ä–æ—à–æ–µ –ø—Ä–∏–ª–æ–∂–µ–Ω–∏–µ, –ª–µ–≥–∫–æ —Å—Ç–∞—Ç—å –ø–æ–ø—É–ª—è—Ä–Ω—ã–º, –Ω–æ—Ä–º –º–æ–∂–Ω–æ –ø–æ–æ–±—â–∞—Ç—Å—è, –Ω–æ —Ç–æ–ª—å–∫–æ —Å–¥–µ–ª–∞–π—Ç–µ —á—Ç–æ–± –∑–∞ –ø—Ä–æ—Å–º–æ—Ç—Ä —Ä–µ–∫–ª–∞–º—ã –¥–∞–≤–∞–ª–∏ 15 –º–µ–º–∫–æ–∏–Ω–æ–≤, –∞ —Ç–∞–∫ –ø—Ä–∏–ª–æ–∂–µ–Ω–∏–µ —Å—É–ø–µ—Ä, 4 –∑–≤–µ–∑–¥ –∑–∞ —Ç–æ —á—Ç–æ –µ–ª–∏ –µ–ª–∏ –∑–∞—Ö–æ–¥–∏—Ç –≤ –∞–∫–∫–∞—É–Ω—Ç.",,,,http://play.google.com/console/developers/4768719844986755425/app/4973118153552701745/user-feedback/review-details?reviewId=9420b656-b57b-4884-ab0c-00e2629de2d3&corpus=PUBLIC_REVIEWS
com.nick.memasik,,,en,a20e,2022-11-13T09:50:31Z,1668333031955,2022-11-13T09:50:31Z,1668333031955,1,,,,,,
com.nick.memasik,265,5.8.3,en,a23,2022-11-13T12:46:23Z,1668343583794,2022-11-13T12:46:23Z,1668343583794,5,,Nice memes,,,,http://play.google.com/console/developers/4768719844986755425/app/4973118153552701745/user-feedback/review-details?reviewId=2a2491f3-1ac8-4cba-96d6-1d611b8a2596&corpus=PUBLIC_REVIEWS
com.nick.memasik,265,5.8.3,pt,j5lte,2022-11-13T14:53:15Z,1668351195087,2022-11-13T14:53:15Z,1668351195087,1,,Ifunny s√≥ q bem pior,,,,http://play.google.com/console/developers/4768719844986755425/app/4973118153552701745/user-feedback/review-details?reviewId=14418043-1448-4fb7-8ca5-81ff679f0c66&corpus=PUBLIC_REVIEWS
com.nick.memasik,265,5.8.3,pt,a30s,2022-11-13T15:17:57Z,1668352677382,2022-11-13T15:17:57Z,1668352677382,4,,Liberem a op√ß√£o de por v√≠deo,,,,http://play.google.com/console/developers/4768719844986755425/app/4973118153552701745/user-feedback/review-details?reviewId=ceac4665-8a84-4e0b-9d4f-450148a4204c&corpus=PUBLIC_REVIEWS
com.nick.memasik,,,es,8505FS,2022-11-13T18:55:38Z,1668365738768,2022-11-13T18:55:38Z,1668365738768,1,,No me gusta cuando eres nuevo todos se burlan de tus memes üò≠ -10000 estrellas.,,,,http://play.google.com/console/developers/4768719844986755425/app/4973118153552701745/user-feedback/review-details?reviewId=ce566a4e-85d1-4801-b4e5-b47e7ee85e9e&corpus=PUBLIC_REVIEWS
com.nick.memasik,265,5.8.3,pl,rosemary,2022-11-13T19:49:29Z,1668368969777,2022-11-13T19:49:29Z,1668368969777,4,,Nie mogƒô robiƒá mem√≥w na bia≈Çym tle,,,,http://play.google.com/console/developers/4768719844986755425/app/4973118153552701745/user-feedback/review-details?reviewId=5ee5a007-cd83-4d37-8d6f-0c755caac46b&corpus=PUBLIC_REVIEWS
com.nick.memasik,265,5.8.3,en,K87,2022-11-13T20:25:59Z,1668371159076,2022-11-13T20:25:59Z,1668371159076,5,,,,,,
com.nick.memasik,,,es,maverick,2022-11-13T23:24:39Z,1668381879783,2022-11-13T23:24:39Z,1668381879783,5,,La mejor app de memes que eh visto,,,,http://play.google.com/console/developers/4768719844986755425/app/4973118153552701745/user-feedback/review-details?reviewId=4ae9220b-e4ab-4f49-9159-d59319c391f9&corpus=PUBLIC_REVIEWS
com.nick.memasik,265,5.8.3,tr,star2lte,2022-11-13T23:41:29Z,1668382889561,2022-11-13T23:41:29Z,1668382889561,5,,,,,,
com.nick.memasik,265,5.8.3,pt,a11q,2022-11-14T00:18:39Z,1668385119752,2022-11-14T00:18:39Z,1668385119752,1,,,,,,
com.nick.memasik,265,5.8.3,es,aruba,2022-11-14T01:16:13Z,1668388573498,2022-11-14T01:16:13Z,1668388573498,5,,,,,,
com.nick.memasik,265,5.8.3,pt,vayu,2022-11-14T01:34:15Z,1668389655977,2022-11-14T01:34:15Z,1668389655977,5,,,,,,
com.nick.memasik,,,ru,HP10A5L,2022-11-14T06:44:53Z,1668408293912,2022-11-14T06:44:53Z,1668408293912,5,,"–ú–Ω–µ –Ω—Ä–∞–≤–∏—Ç—Å—è. –ú–æ–≥—É —Å–º–æ—Ç—Ä–µ—Ç—å –º–µ–º—ã –∏ —Å–æ–∑–¥–∞–≤–∞—Ç—å —Å–≤–æ–∏, –ò —ç—Ç–æ –∫—Ä—É—Ç–æ!",,,,http://play.google.com/console/developers/4768719844986755425/app/4973118153552701745/user-feedback/review-details?reviewId=ac2ea09f-12db-40fe-93bf-6fc4f7d18955&corpus=PUBLIC_REVIEWS
com.nick.memasik,265,5.8.3,tr,a10,2022-07-03T07:59:03Z,1656835143947,2022-11-14T12:17:23Z,1668428243346,1,,Harika ama sorunlar var mesela √ßok atƒ±yor sunucu hatasƒ± veriyor resmi kucultemiyor,,,,http://play.google.com/console/developers/4768719844986755425/app/4973118153552701745/user-feedback/review-details?reviewId=d3f99189-d3b2-4d4f-b83a-84ca658f4a43&corpus=PUBLIC_REVIEWS
com.nick.memasik,265,5.8.3,es,a13x,2022-11-14T13:32:54Z,1668432774275,2022-11-14T13:32:54Z,1668432774275,5,,,,,,
com.nick.memasik,265,5.8.3,pl,olive,2022-11-14T13:33:42Z,1668432822737,2022-11-14T13:33:42Z,1668432822737,5,,Super spo≈Çeczno≈õƒá polecam,,,,http://play.google.com/console/developers/4768719844986755425/app/4973118153552701745/user-feedback/review-details?reviewId=4272c7b5-1fce-4e58-9981-4e84de6255c8&corpus=PUBLIC_REVIEWS
com.nick.memasik,,,es,grandpplte,2022-11-14T16:17:33Z,1668442653463,2022-11-14T16:17:33Z,1668442653463,1,,Le di una estrella por los comentarios que dicen que es buena pero cuando ya se termin√≥ de descargar y solo faltaba que se instalara sali√≥ que no se pod√≠a descargar.Este es el peor juego del mundo enteroüò°üò°üò†,,,,http://play.google.com/console/developers/4768719844986755425/app/4973118153552701745/user-feedback/review-details?reviewId=d0645a60-5c87-40bf-90f8-1846ae3e8fa8&corpus=PUBLIC_REVIEWS
com.nick.memasik,265,5.8.3,en,a2corelte,2022-11-14T16:30:35Z,1668443435156,2022-11-14T16:30:38Z,1668443438659,5,,,,,,
com.nick.memasik,265,5.8.3,fr,HWLYA,2022-11-14T18:04:35Z,1668449075768,2022-11-14T18:05:15Z,1668449115034,4,,"Tr√®s bien, tr√®s dr√¥le,mais beucoup d'invasion.",,,,http://play.google.com/console/developers/4768719844986755425/app/4973118153552701745/user-feedback/review-details?reviewId=6c822230-02f9-451e-905b-176776a686d9&corpus=PUBLIC_REVIEWS
com.nick.memasik,265,5.8.3,es,a52xq,2022-11-14T19:44:39Z,1668455079226,2022-11-14T19:44:39Z,1668455079226,5,,Excelente aplicaci√≥n,,,,http://play.google.com/console/developers/4768719844986755425/app/4973118153552701745/user-feedback/review-details?reviewId=07017725-a8e0-4137-aa21-b29d8e2adbf6&corpus=PUBLIC_REVIEWS
com.nick.memasik,265,5.8.3,es,j7velte,2022-11-15T00:10:28Z,1668471028364,2022-11-15T00:10:28Z,1668471028364,5,,Es muy buena,,,,http://play.google.com/console/developers/4768719844986755425/app/4973118153552701745/user-feedback/review-details?reviewId=edfd0e67-d504-4919-8df2-489646ac42d8&corpus=PUBLIC_REVIEWS
com.nick.memasik,265,5.8.3,es,m31,2020-06-28T02:55:33Z,1593312933038,2022-11-15T03:07:34Z,1668481654911,4,,Arreglen las etiquetas nmmn,2020-12-11T06:32:49Z,1607668369852,Gracias por su comentario! :),http://play.google.com/console/developers/4768719844986755425/app/4973118153552701745/user-feedback/review-details?reviewId=b3eb38a3-cd35-4e63-b466-1baaa1fd3cce&corpus=PUBLIC_REVIEWS
com.nick.memasik,265,5.8.3,es,a13,2022-11-15T03:52:04Z,1668484324672,2022-11-15T03:52:04Z,1668484324672,5,,,,,,
com.nick.memasik,265,5.8.3,es,HWCLT,2022-11-15T10:46:30Z,1668509190083,2022-11-15T10:46:30Z,1668509190083,5,,Very simple and interactive,,,,http://play.google.com/console/developers/4768719844986755425/app/4973118153552701745/user-feedback/review-details?reviewId=4cabd485-309d-43ad-b19b-6ed37ac8718e&corpus=PUBLIC_REVIEWS
com.nick.memasik,,,ru,ginkgo,2022-11-15T12:53:03Z,1668516783395,2022-11-15T12:53:21Z,1668516801845,4,,"–ü–æ—á–µ–º—É –º–µ–º–∞—Å–∏–∫ –Ω–µ —Ä–∞–±–æ—Ç–∞–µ—Ç —â–∞—Å —Å–∫–∞–∂–∏—Ç–µ, —Ç–∞–º –ø–∏—à—É—Ç –∏–∑–≤ –∑–∞ –Ω–µ —É–¥–æ–±—Å—Ç–≤–∞ –º–µ–º–∞—Å–∏–∫ –Ω–µ –æ—Ç–∫—Ä—ã–≤–∞–µ—Ç—Å—è –∏—Å–ø—Ä–∞–≤—å—Ç–µ –ø–æ–∂–∞–ª—É–π—Å—Ç–∞",,,,http://play.google.com/console/developers/4768719844986755425/app/4973118153552701745/user-feedback/review-details?reviewId=b254badc-0b39-49a9-9e94-2b852c664d5d&corpus=PUBLIC_REVIEWS
com.nick.memasik,265,5.8.3,es,aruba,2022-11-15T13:18:21Z,1668518301883,2022-11-15T13:18:21Z,1668518301883,5,,,,,,
com.nick.memasik,265,5.8.3,pl,MS457,2022-11-15T17:42:20Z,1668534140637,2022-11-15T17:42:20Z,1668534140637,5,,,,,,
com.nick.memasik,265,5.8.3,sr,ATAB1021E,2022-11-15T18:43:09Z,1668537789542,2022-11-15T18:43:09Z,1668537789542,5,,Memeeeeeee,,,,http://play.google.com/console/developers/4768719844986755425/app/4973118153552701745/user-feedback/review-details?reviewId=1f7f2a48-56c2-4548-b839-677d90799c8a&corpus=PUBLIC_REVIEWS
com.nick.memasik,213,5.0.3,pt,whyred,2021-06-05T20:17:30Z,1622924250871,2022-11-15T22:38:40Z,1668551920667,3,,,,,,
com.nick.memasik,265,5.8.3,en,ellis,2022-11-15T23:15:38Z,1668554138869,2022-11-15T23:15:38Z,1668554138869,4,,,,,,
com.nick.memasik,265,5.8.3,da,a41,2022-11-16T09:07:19Z,1668589639729,2022-11-16T09:07:19Z,1668589639729,4,,,,,,
com.nick.memasik,,,en,OP4EFDL1,2022-11-16T13:18:35Z,1668604715413,2022-11-16T13:18:35Z,1668604715413,5,,,,,,
com.nick.memasik,265,5.8.3,pt,gtowifi,2022-11-16T14:22:40Z,1668608560956,2022-11-16T14:22:40Z,1668608560956,4,,Eu amo a app mas dou quatro porque n√£o aparece os memes popolares ao criar memes,,,,http://play.google.com/console/developers/4768719844986755425/app/4973118153552701745/user-feedback/review-details?reviewId=37a6e66d-17bc-4380-ae56-4fa29b4ddd6c&corpus=PUBLIC_REVIEWS
com.nick.memasik,,,en,beyond0q,2022-11-16T14:29:11Z,1668608951296,2022-11-16T14:29:11Z,1668608951296,5,,It's cool,,,,http://play.google.com/console/developers/4768719844986755425/app/4973118153552701745/user-feedback/review-details?reviewId=9b5b162c-4178-4ed4-baf5-869e05e63f42&corpus=PUBLIC_REVIEWS
com.nick.memasik,265,5.8.3,es,j2corelte,2022-11-16T16:12:18Z,1668615138366,2022-11-16T16:12:18Z,1668615138366,5,,,,,,
com.nick.memasik,265,5.8.3,es,HNANY-Q1,2022-11-16T17:56:01Z,1668621361602,2022-11-16T17:56:01Z,1668621361602,5,,Deben optar por caritas,,,,http://play.google.com/console/developers/4768719844986755425/app/4973118153552701745/user-feedback/review-details?reviewId=02780aeb-4f97-4b86-b4ed-0f58a2595657&corpus=PUBLIC_REVIEWS
com.nick.memasik,265,5.8.3,it,X306X,2022-11-16T20:07:16Z,1668629236351,2022-11-16T20:07:16Z,1668629236351,5,,,,,,
com.nick.memasik,,,es,java,2022-11-16T21:08:37Z,1668632917751,2022-11-16T21:08:37Z,1668632917751,5,,,,,,
com.nick.memasik,265,5.8.3,es,TokyoPro,2022-11-16T21:13:19Z,1668633199867,2022-11-16T21:13:19Z,1668633199867,5,,,,,,
com.nick.memasik,,,es,bonito,2022-11-17T01:25:00Z,1668648300073,2022-11-17T01:25:00Z,1668648300073,5,,Jh,,,,http://play.google.com/console/developers/4768719844986755425/app/4973118153552701745/user-feedback/review-details?reviewId=65a541fd-bb04-4383-8e47-7ed04c605328&corpus=PUBLIC_REVIEWS
com.nick.memasik,265,5.8.3,en,2120,2022-11-17T02:16:52Z,1668651412409,2022-11-17T02:16:52Z,1668651412409,5,,,,,,
com.nick.memasik,,,es,Austin,2022-11-17T02:21:24Z,1668651684343,2022-11-17T02:21:24Z,1668651684343,1,,Copia de memedroid,,,,http://play.google.com/console/developers/4768719844986755425/app/4973118153552701745/user-feedback/review-details?reviewId=59c3d742-ece6-44bc-86b4-b4e0fb40bbc7&corpus=PUBLIC_REVIEWS
com.nick.memasik,265,5.8.3,it,a12,2022-11-17T08:12:13Z,1668672733706,2022-11-17T08:12:13Z,1668672733706,2,,Do 2 stelle perch√© non mi avete datto le monete,,,,http://play.google.com/console/developers/4768719844986755425/app/4973118153552701745/user-feedback/review-details?reviewId=eaceb8a0-d3a2-4c1d-be71-ad9534ac8178&corpus=PUBLIC_REVIEWS
com.nick.memasik,265,5.8.3,pt,a10,2022-11-17T09:57:29Z,1668679049919,2022-11-17T09:57:29Z,1668679049919,5,,,,,,
com.nick.memasik,265,5.8.3,pl,HWVOG,2022-11-17T10:12:14Z,1668679934909,2022-11-17T10:12:14Z,1668679934909,5,,,,,,
com.nick.memasik,265,5.8.3,es,HWMRD-M1,2022-11-17T13:25:16Z,1668691516987,2022-11-17T13:25:16Z,1668691516987,3,,TEN√çA 40 MEMECOINS Y AHORA TENGO 22 DE LA NADA POR FAVOR,,,,http://play.google.com/console/developers/4768719844986755425/app/4973118153552701745/user-feedback/review-details?reviewId=c483452e-7d6a-466d-9b57-9be8111242bb&corpus=PUBLIC_REVIEWS
com.nick.memasik,265,5.8.3,es,a3core,2022-11-17T17:35:48Z,1668706548700,2022-11-17T17:35:48Z,1668706548700,4,,,,,,
com.nick.memasik,265,5.8.3,cs,gta2xlwifi,2022-11-17T17:43:31Z,1668707011296,2022-11-17T17:43:31Z,1668707011296,4,,Nic moc je to skvƒõl√° aplikace pokud v√°s nƒõkdo nebude hejtit,,,,http://play.google.com/console/developers/4768719844986755425/app/4973118153552701745/user-feedback/review-details?reviewId=dbb4cbf8-0795-4c76-abe5-4c4dd5486f5d&corpus=PUBLIC_REVIEWS
com.nick.memasik,,,es,OP4B80L1,2022-11-17T17:55:58Z,1668707758000,2022-11-17T17:55:58Z,1668707758000,5,,,,,,
com.nick.memasik,265,5.8.3,pl,2028,2022-11-17T17:56:10Z,1668707770020,2022-11-17T17:56:10Z,1668707770020,5,,Ok,,,,http://play.google.com/console/developers/4768719844986755425/app/4973118153552701745/user-feedback/review-details?reviewId=ce684f23-e446-4bb4-94a5-80eab8b6fd5f&corpus=PUBLIC_REVIEWS
com.nick.memasik,265,5.8.3,pl,fiji,2022-11-17T18:52:00Z,1668711120158,2022-11-17T18:52:00Z,1668711120158,5,,Fajna apka EVER! Da siƒô tam zrobiƒá memy! 1 pytanie co daje VIP? (Bo wiecie ja mam VIPA ale nie wiem co daje),,,,http://play.google.com/console/developers/4768719844986755425/app/4973118153552701745/user-feedback/review-details?reviewId=c6a1d63d-4e0e-430a-9ea3-ecc314c7e4f2&corpus=PUBLIC_REVIEWS
com.nick.memasik,265,5.8.3,ru,a21s,2022-11-17T19:17:28Z,1668712648608,2022-11-17T19:17:38Z,1668712658937,4,,–¢–æ–ø,,,,http://play.google.com/console/developers/4768719844986755425/app/4973118153552701745/user-feedback/review-details?reviewId=73a0d9f4-1e1b-40f3-a6e6-802b7cde60b7&corpus=PUBLIC_REVIEWS
com.nick.memasik,,,en,gts7fewifi,2022-11-17T20:16:19Z,1668716179077,2022-11-17T20:16:19Z,1668716179077,1,,People are so mean so im deleting,,,,http://play.google.com/console/developers/4768719844986755425/app/4973118153552701745/user-feedback/review-details?reviewId=a0036d5d-3f7f-4a64-bc9b-5fc82e6fe6fc&corpus=PUBLIC_REVIEWS
com.nick.memasik,265,5.8.3,es,a10,2022-11-17T20:40:19Z,1668717619960,2022-11-17T20:40:19Z,1668717619960,2,,"1. Al principio todo bien pero luego se vinieron las complicaciones, pues cuando quiero poner un texto no me deja moverlo bien. 2. Los memes est√°n chidos, pero tiene demasiadas pero DEMASIADAS l√≠mites para usarla!! Y aparte cobra casi $100 pesos por muy pocas cosas ilimitadas. Yo creo que no es muy justo ya que en otras apps de memes no cobra tanto Arreglen eso por favor Mientras tanto ‚≠ê‚≠ê",,,,http://play.google.com/console/developers/4768719844986755425/app/4973118153552701745/user-feedback/review-details?reviewId=9e20e602-743c-4e32-83b8-68f15c7dbfc6&corpus=PUBLIC_REVIEWS
com.nick.memasik,,,es,j5xnlte,2022-11-17T22:41:20Z,1668724880194,2022-11-17T22:41:28Z,1668724888719,2,,Eso solo por las imagenes parece bien pero el retoü§¶‚Äç‚ôÄÔ∏è todo para pagar!!,,,,http://play.google.com/console/developers/4768719844986755425/app/4973118153552701745/user-feedback/review-details?reviewId=831f89b2-f37f-4b6c-8ae8-67f5cecbab00&corpus=PUBLIC_REVIEWS
com.nick.memasik,,,pt,A3A,2022-11-17T23:48:16Z,1668728896957,2022-11-17T23:48:16Z,1668728896957,5,,Muito legal,,,,http://play.google.com/console/developers/4768719844986755425/app/4973118153552701745/user-feedback/review-details?reviewId=0369a020-4c6c-4622-ad86-106c2fbbcdb0&corpus=PUBLIC_REVIEWS
com.nick.memasik,265,5.8.3,en,gta7litewifi,2022-11-18T02:38:18Z,1668739098650,2022-11-18T02:38:18Z,1668739098650,5,,,,,,
com.nick.memasik,265,5.8.3,es,fleur,2022-11-18T23:25:03Z,1668813903891,2022-11-18T23:25:03Z,1668813903891,3,,,,,,
com.nick.memasik,265,5.8.3,en,a02q,2022-11-19T02:02:25Z,1668823345714,2022-11-19T02:02:25Z,1668823345714,5,,,,,,
com.nick.memasik,,,es,HWDUB-Q,2022-11-19T04:22:37Z,1668831757182,2022-11-19T04:22:37Z,1668831757182,2,,"Aver, esta app antes era incre√≠ble, pero me silenciaron hasta 2613, por cu√°l raz√≥n? No lo se, la verdad me decepciona mucho esta aplicaci√≥n (sin tomar en cuenta que se est√° automatando), Elimine la cuenta principal para hacerme otra pero me la silencian hasta 2049 tambi√©n sin raz√≥n alguna, alguien me puede ayudar por favor? Me hize bastantes cuentas y es lo mismo, me las silencian",,,,http://play.google.com/console/developers/4768719844986755425/app/4973118153552701745/user-feedback/review-details?reviewId=53e9613b-5ffd-40b0-9c61-9b61b370f935&corpus=PUBLIC_REVIEWS
com.nick.memasik,265,5.8.3,pl,galahad,2022-11-19T10:26:37Z,1668853597353,2022-11-19T10:26:37Z,1668853597353,5,,Noice‚ú®‚ú®‚ú®‚ú®,,,,http://play.google.com/console/developers/4768719844986755425/app/4973118153552701745/user-feedback/review-details?reviewId=d7eef2d6-9e87-4acf-a557-b9c5a8e727e3&corpus=PUBLIC_REVIEWS
com.nick.memasik,,,es,a10s,2022-11-19T11:59:28Z,1668859168399,2022-11-19T11:59:28Z,1668859168399,5,,,,,,
com.nick.memasik,265,5.8.3,es,a21s,2022-11-19T13:46:16Z,1668865576630,2022-11-19T13:46:16Z,1668865576630,5,,,,,,
com.nick.memasik,265,5.8.3,ru,nitrogen,2022-11-19T14:00:58Z,1668866458517,2022-11-19T14:00:58Z,1668866458517,5,,,,,,
com.nick.memasik,265,5.8.3,en,cv1,2022-11-19T15:18:16Z,1668871096233,2022-11-19T15:18:16Z,1668871096233,4,,Good,,,,http://play.google.com/console/developers/4768719844986755425/app/4973118153552701745/user-feedback/review-details?reviewId=b93f6e9f-07e8-421c-88ac-5017ee5dc47f&corpus=PUBLIC_REVIEWS
com.nick.memasik,265,5.8.3,en,A37f,2022-11-19T16:03:37Z,1668873817347,2022-11-19T16:03:37Z,1668873817347,4,,It is a very good app for peoples who likes memes but the only thing i hate is the premium because every thing cost premium.,,,,http://play.google.com/console/developers/4768719844986755425/app/4973118153552701745/user-feedback/review-details?reviewId=1efa7e54-d095-48df-9e8b-56a43aa04ad8&corpus=PUBLIC_REVIEWS
com.nick.memasik,265,5.8.3,en,a12u,2022-11-19T18:20:34Z,1668882034842,2022-11-19T18:20:34Z,1668882034842,5,,This is a funny app I love this app,,,,http://play.google.com/console/developers/4768719844986755425/app/4973118153552701745/user-feedback/review-details?reviewId=7e4c40ba-2cee-46cd-939c-a41049795bc1&corpus=PUBLIC_REVIEWS
com.nick.memasik,,,ru,HWBAH2,2022-11-19T18:27:38Z,1668882458059,2022-11-19T18:27:38Z,1668882458059,1,,,,,,
com.nick.memasik,,,en,miel,2022-11-19T18:47:59Z,1668883679399,2022-11-19T18:47:59Z,1668883679399,5,,,,,,
com.nick.memasik,,,pt,gto,2022-11-19T19:06:47Z,1668884807106,2022-11-19T19:06:47Z,1668884807106,5,,Bom demais,,,,http://play.google.com/console/developers/4768719844986755425/app/4973118153552701745/user-feedback/review-details?reviewId=8e3d5d5d-6394-410c-9431-3e390f7d4b10&corpus=PUBLIC_REVIEWS
com.nick.memasik,265,5.8.3,pt,channel,2022-11-19T20:55:21Z,1668891321530,2022-11-19T20:55:21Z,1668891321530,5,,Foi muito boa a minha experi√™ncia,,,,http://play.google.com/console/developers/4768719844986755425/app/4973118153552701745/user-feedback/review-details?reviewId=0d11ac66-aab7-4288-bbce-3833abd2779a&corpus=PUBLIC_REVIEWS
com.nick.memasik,265,5.8.3,es,a30,2022-11-19T21:40:39Z,1668894039950,2022-11-19T21:40:39Z,1668894039950,3,,Es muy buena los memes muy buenos pero ¬øpor que 3 estrellas? Bueno tengo mis rasones 1.hay un problema de toxicidad hay muchos haters por eso 2.hay un usuario llamado olinn y si no tienes cuidado con el puedes empesar una pelea con algien de 9 a√±os 3 y ultima rason hay un apartado llamado new y aveces aparecen unos meme pide likes o memes raros y bueno en total un 6/10 y por cierto me llamo pakistangrupo ;),,,,http://play.google.com/console/developers/4768719844986755425/app/4973118153552701745/user-feedback/review-details?reviewId=36467953-bbf6-4e94-8f12-d5bd7c8101e5&corpus=PUBLIC_REVIEWS
com.nick.memasik,265,5.8.3,en,a53x,2022-11-20T10:53:41Z,1668941621648,2022-11-20T10:53:41Z,1668941621648,2,,"This was really fun at first like a world of creativity then it turned into- not letting me post anything, like, or save anything. I really thought it would be better then this. I got to 3 posts then it gave up. This game is appealing but not good. It's fun if you want to make 3 memes at max. Something I don't understand is that others have thousands of posts, yet I can't post more then 3! This is definitely a bug that needs to be fixed before I reinstall. (I'm sorry for the bad review)",2023-01-23T09:54:01Z,1674467641245,"Hi, thank you for your review. At the very beginning, you could post 3 memes per hour. Now we have made it 6 posts per hour. Level up in order to post more than 6 posts per hour. It's all explained in our Terms of Use and Conditions which you can find in your profile settings.",http://play.google.com/console/developers/4768719844986755425/app/4973118153552701745/user-feedback/review-details?reviewId=489fa371-5ea8-4013-9594-764325f88e58&corpus=PUBLIC_REVIEWS
com.nick.memasik,265,5.8.3,es,lv1,2022-11-20T14:26:42Z,1668954402617,2022-11-20T14:27:14Z,1668954434881,5,,Ea muy buena he vendido mis memes como NFT y he ganado mas de 10.000 $ gracias por cambiar mi vidaaaa <33,,,,http://play.google.com/console/developers/4768719844986755425/app/4973118153552701745/user-feedback/review-details?reviewId=ce50b44f-20fd-460e-ab34-5bb7863f30cb&corpus=PUBLIC_REVIEWS
com.nick.memasik,265,5.8.3,es,gta7litewifi,2022-11-20T15:27:01Z,1668958021612,2022-11-20T15:27:01Z,1668958021612,3,,Ta bien,,,,http://play.google.com/console/developers/4768719844986755425/app/4973118153552701745/user-feedback/review-details?reviewId=6f89c7d8-944a-45a5-aa14-d0c3f5a71c4f&corpus=PUBLIC_REVIEWS
com.nick.memasik,,,pt,on5xelte,2022-11-20T16:25:15Z,1668961515337,2022-11-20T16:25:15Z,1668961515337,1,,N√£o √© bom,,,,http://play.google.com/console/developers/4768719844986755425/app/4973118153552701745/user-feedback/review-details?reviewId=57444af8-96cd-4f43-a6f3-c9e81c041dea&corpus=PUBLIC_REVIEWS
com.nick.memasik,265,5.8.3,ru,HWJSN-H,2020-06-23T15:17:03Z,1592925423534,2022-11-20T18:56:58Z,1668970618461,5,,–û–±–∏–¥–Ω–æ –∏ –¥–æ—Å–∞–¥–Ω–æ –º–µ–º–∏ –∏–º–±–∞,,,,http://play.google.com/console/developers/4768719844986755425/app/4973118153552701745/user-feedback/review-details?reviewId=bac7367a-798b-4c4a-8063-880c0f418e18&corpus=PUBLIC_REVIEWS
com.nick.memasik,,,es,7305F,2022-11-20T21:26:37Z,1668979597018,2022-11-20T21:26:37Z,1668979597018,3,,,,,,
com.nick.memasik,265,5.8.3,es,lavender,2022-11-20T22:36:31Z,1668983791031,2022-11-20T22:36:31Z,1668983791031,4,,,,,,
com.nick.memasik,,,pt,sofiar,2022-11-20T23:37:45Z,1668987465073,2022-11-20T23:37:45Z,1668987465073,1,,,,,,
com.nick.memasik,265,5.8.3,de,a5y17lte,2022-11-21T18:14:23Z,1669054463104,2022-11-21T18:14:23Z,1669054463104,5,,Is voll cool und ich w√ºrde es leuten soga empfelen die memes m√∂gen,,,,http://play.google.com/console/developers/4768719844986755425/app/4973118153552701745/user-feedback/review-details?reviewId=8f0fe6dd-8b40-4a62-a27b-32615c00f981&corpus=PUBLIC_REVIEWS
com.nick.memasik,265,5.8.3,es,2028,2022-11-21T22:18:06Z,1669069086210,2022-11-21T22:18:06Z,1669069086210,5,,Es lo mejor,,,,http://play.google.com/console/developers/4768719844986755425/app/4973118153552701745/user-feedback/review-details?reviewId=6eb9bf09-66fd-4bcb-ad76-a712fd2dd93d&corpus=PUBLIC_REVIEWS
com.nick.memasik,,,en,octopus_cheets,2022-11-22T01:19:07Z,1669079947466,2022-11-22T01:19:07Z,1669079947466,1,,It's more of a facebook type think rather than a editer for memes,,,,http://play.google.com/console/developers/4768719844986755425/app/4973118153552701745/user-feedback/review-details?reviewId=1b4f3b43-361d-4355-ab5d-1c722ba0129b&corpus=PUBLIC_REVIEWS
com.nick.memasik,265,5.8.3,en,dreamqltesq,2022-11-22T02:50:37Z,1669085437558,2022-11-22T02:50:37Z,1669085437558,5,,,,,,
com.nick.memasik,265,5.8.3,en,x1q,2022-11-22T09:52:16Z,1669110736961,2022-11-22T09:52:16Z,1669110736961,4,,"Whenever I try to make a post, the app keeps saying ""The image is empty"", even whrn i use a meme",,,,http://play.google.com/console/developers/4768719844986755425/app/4973118153552701745/user-feedback/review-details?reviewId=ce4b199d-a261-4a46-b7df-9b0317af931c&corpus=PUBLIC_REVIEWS
com.nick.memasik,265,5.8.3,ru,RED8F6,2022-11-22T10:44:12Z,1669113852884,2022-11-22T10:44:12Z,1669113852884,5,,–ó–¥—Ä–∞—Å—Ç—É–π—Ç–µ –æ—á–µ–Ω—å –∏–Ω—Ç–µ—Ä–µ—Å–Ω–æ. –ú–Ω–æ–≥–æ –º–µ–º–æ–≤. –ö–∞–∂–¥—ã–π –¥–µ–Ω—å –∑–∞—Ö–æ–∂—É –∏ —Å–º–µ—é—Å—å. –°–ø–∞—Å–∏–±–æ –∑–∞ —Ç–∞–∫–æ–µ —á—É–¥–µ—Å–Ω–æ–µ –ø—Ä–∏–ª–æ–∂–µ–Ω–∏–µ!üòâüëçüòÅ,,,,http://play.google.com/console/developers/4768719844986755425/app/4973118153552701745/user-feedback/review-details?reviewId=503d98ea-f3b6-4d7a-9841-425c5d71f731&corpus=PUBLIC_REVIEWS
com.nick.memasik,,,pl,m23xq,2022-11-07T19:21:19Z,1667848879353,2022-11-22T11:12:10Z,1669115530700,5,,ssie bardziej niz grzeslawek,,,,http://play.google.com/console/developers/4768719844986755425/app/4973118153552701745/user-feedback/review-details?reviewId=499551d4-b3cd-4654-bd06-21e9aca8e845&corpus=PUBLIC_REVIEWS
com.nick.memasik,265,5.8.3,es,dandelion,2022-11-22T13:54:51Z,1669125291057,2022-11-22T13:54:51Z,1669125291057,4,,,,,,
com.nick.memasik,265,5.8.3,ru,a52sxq,2022-11-22T14:13:01Z,1669126381673,2022-11-22T14:13:01Z,1669126381673,3,,–ö–ª–∞—Å—Å–Ω–æ —è —Ä–∞–Ω—å—à–µ —Å–∫–∞—á–∏–≤–∞–ª. –ù–æ —Ç–µ–ø–µ—Ä—å –Ω–µ –≤–∏–∂—É –¥—Ä—É–≥–∏–µ –º–µ–º—ã –∏ —Å–≤–æ–π —Å–æ–∑–¥–∞—Ç—å –Ω–µ –º–æ–≥—É –ø–æ–∂–∞–ª—É–π—Å—Ç–∞ –∑–∞–º–µ—Ç—å—Ç–µ –∏ –∏—Å–ø—Ä–∞–≤—å—Ç–µ –æ—à–∏–±–∫—É,,,,http://play.google.com/console/developers/4768719844986755425/app/4973118153552701745/user-feedback/review-details?reviewId=85a67fdb-bf51-4e4c-9b84-f2cec161ff59&corpus=PUBLIC_REVIEWS
com.nick.memasik,265,5.8.3,ru,HWSTK-HF,2022-09-25T04:06:51Z,1664078811628,2022-11-22T14:22:36Z,1669126956090,5,,"–ü—Ä–∏–ª–æ–∂–µ–Ω–∏–µ —Ç–æ–ø, –º–Ω–æ–≥–æ –º–µ–º–æ–≤, –µ—Å—Ç—å —á–∞—Ç –∏ –º–Ω–æ–≥–æ–µ –¥—Ä—É–≥–æ–µ. –ù–æ, –¥–æ—Ä–æ–≥–∏–µ —Ä–∞–∑—Ä–∞–±–æ—Ç—á–∏–∫–∏ —ç—Ç–æ–≥–æ –ø—Ä–∏–ª–æ–∂–µ–Ω–∏—è, –º–æ–∂–Ω–æ –∑–∞ 100 –º–µ–º–∫–æ–π–Ω–æ–≤ –º–µ–Ω—è—Ç—å –Ω–∏–∫.",2022-09-25T10:37:04Z,1664102224389,Thank you for downloading our app! We will keep working on it!,http://play.google.com/console/developers/4768719844986755425/app/4973118153552701745/user-feedback/review-details?reviewId=27c2e0cc-21c2-4d33-9211-f0f2cb22d2b1&corpus=PUBLIC_REVIEWS
com.nick.memasik,265,5.8.3,en,beyond1,2022-11-22T16:19:39Z,1669133979971,2022-11-22T16:19:39Z,1669133979971,5,,GET IT NOW,,,,http://play.google.com/console/developers/4768719844986755425/app/4973118153552701745/user-feedback/review-details?reviewId=cb55c458-18c1-4e4a-ad88-1360afecf4b7&corpus=PUBLIC_REVIEWS
com.nick.memasik,265,5.8.3,es,aruba,2022-11-22T16:28:16Z,1669134496885,2022-11-22T16:28:16Z,1669134496885,5,,,,,,
com.nick.memasik,265,5.8.3,en,100044018G,2022-11-22T16:29:56Z,1669134596069,2022-11-22T16:31:07Z,1669134667470,4,,This is great and all But there's been a problem with mel1bossmelonyt He uses his alt for bad intentions And uses it for gifting. HIS OWN POSTS. the way he did this was by Sending his memecoins from his main to his alt his alts name is @mel1gifts,,,,http://play.google.com/console/developers/4768719844986755425/app/4973118153552701745/user-feedback/review-details?reviewId=e7a0c84b-53eb-46a1-8e74-9a1e93b82912&corpus=PUBLIC_REVIEWS
com.nick.memasik,248,5.7.0.5,it,OP4B79L1,2022-11-22T17:56:46Z,1669139806634,2022-11-22T17:56:46Z,1669139806634,1,,,,,,
com.nick.memasik,198,4.8.0,es,heroqltespr,2022-11-22T18:30:58Z,1669141858014,2022-11-22T18:30:58Z,1669141858014,3,,Esta chida la app pero tiene limitaciones como que no tiene memes actualizados o esas cosas,,,,http://play.google.com/console/developers/4768719844986755425/app/4973118153552701745/user-feedback/review-details?reviewId=41a15680-e1b7-4db8-9d3d-57fa063cd230&corpus=PUBLIC_REVIEWS
com.nick.memasik,265,5.8.3,ru,a12s,2022-11-22T19:02:44Z,1669143764926,2022-11-22T19:02:44Z,1669143764926,5,,,,,,
com.nick.memasik,265,5.8.3,en,HWSTK-HF,2022-11-22T19:46:55Z,1669146415675,2022-11-22T19:46:55Z,1669146415675,5,,It is a great and free application to create memes easily üôÇ,,,,http://play.google.com/console/developers/4768719844986755425/app/4973118153552701745/user-feedback/review-details?reviewId=3c2f8853-cf77-4684-9eaf-7697f9776722&corpus=PUBLIC_REVIEWS
com.nick.memasik,265,5.8.3,es,RE513CL1,2022-11-22T20:23:57Z,1669148637689,2022-11-22T20:23:57Z,1669148637689,5,,,,,,
com.nick.memasik,265,5.8.3,es,mdh40lm,2022-11-22T22:08:10Z,1669154890437,2022-11-22T22:08:10Z,1669154890437,2,,"Censura mucho y comunidad algo aburrida, en resumen: memedroid le gana :haters:",,,,http://play.google.com/console/developers/4768719844986755425/app/4973118153552701745/user-feedback/review-details?reviewId=58001744-022b-4bdf-ab09-7875f6f0242a&corpus=PUBLIC_REVIEWS
com.nick.memasik,265,5.8.3,es,lima,2022-11-23T03:08:38Z,1669172918957,2022-11-23T03:08:38Z,1669172918957,5,,,,,,
com.nick.memasik,265,5.8.3,es,mdh35lm,2022-11-23T18:43:42Z,1669229022538,2022-11-23T18:43:42Z,1669229022538,5,,Excelente,,,,http://play.google.com/console/developers/4768719844986755425/app/4973118153552701745/user-feedback/review-details?reviewId=ac4b8886-0406-476e-8bed-e619818e69df&corpus=PUBLIC_REVIEWS
com.nick.memasik,265,5.8.3,en,OnePlusN200TMO,2022-11-23T22:28:42Z,1669242522385,2022-11-23T22:28:42Z,1669242522385,5,,Very amazing,,,,http://play.google.com/console/developers/4768719844986755425/app/4973118153552701745/user-feedback/review-details?reviewId=5db39320-93dc-4986-bab4-cea3762a141f&corpus=PUBLIC_REVIEWS
com.nick.memasik,265,5.8.3,pt,ocean_t,2022-11-23T23:53:57Z,1669247637602,2022-11-23T23:53:57Z,1669247637602,5,,Muito bom tem v√°rias uni√µes contra memes + 18 e de ajuda a iniciantes mas se quer instalar √© bom ter muita internet quando instalar sigua o pedrosaoe,,,,http://play.google.com/console/developers/4768719844986755425/app/4973118153552701745/user-feedback/review-details?reviewId=59fbe9d2-2ed2-4017-82e0-7a05fc95302a&corpus=PUBLIC_REVIEWS
com.nick.memasik,265,5.8.3,pt,j5lte,2022-11-24T01:16:17Z,1669252577889,2022-11-24T01:16:17Z,1669252577889,5,,Dei cinco estrelas pq eu achei o app muito BOM n achei nada de ruim n√£o me lembro de ter visto muito an√∫ncios amei esse app,,,,http://play.google.com/console/developers/4768719844986755425/app/4973118153552701745/user-feedback/review-details?reviewId=d5cb8da5-d6f0-4b1e-a3fe-b1553a23a6d3&corpus=PUBLIC_REVIEWS
com.nick.memasik,265,5.8.3,es,redfin,2022-11-24T01:41:16Z,1669254076931,2022-11-24T01:41:16Z,1669254076931,1,,,,,,
com.nick.memasik,,,es,blackjack,2022-11-24T05:43:46Z,1669268626189,2022-11-24T05:43:46Z,1669268626189,1,,HAIL MEMEDROID,,,,http://play.google.com/console/developers/4768719844986755425/app/4973118153552701745/user-feedback/review-details?reviewId=0f7cb159-e4c6-4bec-bee9-0f7b0a582044&corpus=PUBLIC_REVIEWS
com.nick.memasik,,,ru,HWDUA-M,2022-11-24T07:09:12Z,1669273752478,2022-11-24T07:09:12Z,1669273752478,5,,–ñ–∏–∑–∞,,,,http://play.google.com/console/developers/4768719844986755425/app/4973118153552701745/user-feedback/review-details?reviewId=516f7b89-c4b4-4a20-a43e-c6f12237b603&corpus=PUBLIC_REVIEWS
com.nick.memasik,265,5.8.3,pl,apollo,2022-11-24T13:06:05Z,1669295165577,2022-11-24T13:06:05Z,1669295165577,5,,Uwielbiam memy,,,,http://play.google.com/console/developers/4768719844986755425/app/4973118153552701745/user-feedback/review-details?reviewId=013dcde4-cc69-4f43-a49f-af949c941720&corpus=PUBLIC_REVIEWS
com.nick.memasik,265,5.8.3,es,a02,2022-11-24T13:22:00Z,1669296120769,2022-11-24T13:22:00Z,1669296120769,1,,,,,,
com.nick.memasik,265,5.8.3,es,NET_VOLT,2022-11-24T14:56:25Z,1669301785180,2022-11-24T14:56:25Z,1669301785180,5,,,,,,
com.nick.memasik,265,5.8.3,en,starlte,2022-11-24T15:07:22Z,1669302442226,2022-11-24T15:07:22Z,1669302442226,5,,Great for talking.,,,,http://play.google.com/console/developers/4768719844986755425/app/4973118153552701745/user-feedback/review-details?reviewId=eab4fef0-9e0c-41c8-adf8-e90f2a9755a2&corpus=PUBLIC_REVIEWS
com.nick.memasik,265,5.8.3,bg,WP5_Pro,2022-11-24T19:47:28Z,1669319248490,2022-11-24T19:47:28Z,1669319248490,5,,Mn qko,,,,http://play.google.com/console/developers/4768719844986755425/app/4973118153552701745/user-feedback/review-details?reviewId=cf578942-3f6c-4d9e-816a-3068a24169ac&corpus=PUBLIC_REVIEWS
com.nick.memasik,265,5.8.3,es,ugg,2022-11-24T22:05:55Z,1669327555326,2022-11-24T22:05:55Z,1669327555326,5,,Es una buena app,,,,http://play.google.com/console/developers/4768719844986755425/app/4973118153552701745/user-feedback/review-details?reviewId=4d7aa040-d5e8-42a2-901c-e95a1dd12860&corpus=PUBLIC_REVIEWS
com.nick.memasik,265,5.8.3,es,greatlte,2022-11-25T03:46:44Z,1669348004076,2022-11-25T03:46:44Z,1669348004076,5,,,,,,
com.nick.memasik,265,5.8.3,tr,a41,2022-11-25T06:49:22Z,1669358962729,2022-11-25T06:49:22Z,1669358962729,1,,Uygulamanƒ±n adƒ± y√ºz√ºnden dayak yedim,,,,http://play.google.com/console/developers/4768719844986755425/app/4973118153552701745/user-feedback/review-details?reviewId=a6245023-4a4c-4c64-8d5d-a3a838fe40fc&corpus=PUBLIC_REVIEWS
com.nick.memasik,265,5.8.3,es,evert_n,2022-11-25T18:02:02Z,1669399322983,2022-11-25T18:02:02Z,1669399322983,5,,Exelente,,,,http://play.google.com/console/developers/4768719844986755425/app/4973118153552701745/user-feedback/review-details?reviewId=49b3aad1-ff0c-4ded-8adf-9827063af280&corpus=PUBLIC_REVIEWS
com.nick.memasik,,,en,HWVOG,2022-11-25T18:35:06Z,1669401306872,2022-11-25T18:35:06Z,1669401306872,5,,Wunderbar,,,,http://play.google.com/console/developers/4768719844986755425/app/4973118153552701745/user-feedback/review-details?reviewId=eaf2e96c-8ade-41e1-9a0c-bc0583f3eb32&corpus=PUBLIC_REVIEWS
com.nick.memasik,265,5.8.3,en,hero2qlteue,2022-11-25T19:31:35Z,1669404695735,2022-11-25T19:31:35Z,1669404695735,5,,It's very good app than TikTok and Twitter and some other apps cuz this app is filled with amazing jokes that I'm about to awake my parents and woop me,,,,http://play.google.com/console/developers/4768719844986755425/app/4973118153552701745/user-feedback/review-details?reviewId=400aca67-1d32-404a-9770-6042bcdc314f&corpus=PUBLIC_REVIEWS
com.nick.memasik,,,pl,a32,2022-11-25T20:09:24Z,1669406964604,2022-11-25T20:09:24Z,1669406964604,5,,,,,,
com.nick.memasik,265,5.8.3,es,veux,2022-11-25T20:39:21Z,1669408761420,2022-11-25T20:39:21Z,1669408761420,1,,Letras feas y encima hay que pagar por no llevar el logo,,,,http://play.google.com/console/developers/4768719844986755425/app/4973118153552701745/user-feedback/review-details?reviewId=66cc5f0f-3cf0-4b77-acd7-86dbd454b502&corpus=PUBLIC_REVIEWS
com.nick.memasik,248,5.7.0.5,es,merlin,2022-05-19T01:30:30Z,1652923830475,2022-11-26T02:53:13Z,1669431193032,4,,A√±a,,,,http://play.google.com/console/developers/4768719844986755425/app/4973118153552701745/user-feedback/review-details?reviewId=789e50c3-97e7-4d96-bb43-7e2581d227de&corpus=PUBLIC_REVIEWS
com.nick.memasik,265,5.8.3,pt,on7xelte,2022-11-26T03:54:26Z,1669434866318,2022-11-26T03:54:26Z,1669434866318,2,,"2 estrelas, pq o app tem um usu√°rio q √± √© de deus, tem o satanistaxd q posta um monte de cad√°veres, posto +18, bane essas aberra√ß√µes pfv",,,,http://play.google.com/console/developers/4768719844986755425/app/4973118153552701745/user-feedback/review-details?reviewId=68b0206f-175a-498c-b9bf-ad2ca0ebc30a&corpus=PUBLIC_REVIEWS
com.nick.memasik,265,5.8.3,es,a12,2022-11-26T04:14:42Z,1669436082302,2022-11-26T04:14:42Z,1669436082302,3,,Ya no me deja enviar memes :v,,,,http://play.google.com/console/developers/4768719844986755425/app/4973118153552701745/user-feedback/review-details?reviewId=f225baac-6fb3-44a8-bd81-d0c1d437487e&corpus=PUBLIC_REVIEWS
com.nick.memasik,265,5.8.3,pt,malta,2022-11-26T16:52:03Z,1669481523421,2022-11-26T16:52:03Z,1669481523421,4,,Recomendo,,,,http://play.google.com/console/developers/4768719844986755425/app/4973118153552701745/user-feedback/review-details?reviewId=7f79e0eb-1d4a-4167-b3d3-95f6243406fd&corpus=PUBLIC_REVIEWS
com.nick.memasik,265,5.8.3,ru,BV5900,2021-12-22T06:53:54Z,1640156034840,2022-11-26T17:14:17Z,1669482857413,5,,–ú–Ω–µ –æ—á–µ–Ω—å –Ω—Ä–∞–≤–∏—Ç—Å—è –º–µ–º—ã,,,,http://play.google.com/console/developers/4768719844986755425/app/4973118153552701745/user-feedback/review-details?reviewId=df10dd5a-588c-4284-86dd-ee73bb52f7b1&corpus=PUBLIC_REVIEWS
com.nick.memasik,265,5.8.3,en,a51,2022-11-26T18:25:30Z,1669487130894,2022-11-26T18:25:30Z,1669487130894,5,,Real,,,,http://play.google.com/console/developers/4768719844986755425/app/4973118153552701745/user-feedback/review-details?reviewId=a06a41a2-d064-4949-83f1-63a0bda94a81&corpus=PUBLIC_REVIEWS
com.nick.memasik,265,5.8.3,en,a02q,2022-11-27T06:03:29Z,1669529009219,2022-11-27T06:03:29Z,1669529009219,5,,,,,,
com.nick.memasik,265,5.8.3,en,begonia,2022-11-27T14:28:04Z,1669559284239,2022-11-27T14:28:04Z,1669559284239,5,,Gooooood,,,,http://play.google.com/console/developers/4768719844986755425/app/4973118153552701745/user-feedback/review-details?reviewId=b2f2beb9-63b2-49e4-b3ed-02b22d41c3dc&corpus=PUBLIC_REVIEWS
com.nick.memasik,265,5.8.3,en,oriole,2022-11-27T17:02:42Z,1669568562471,2022-11-27T17:02:42Z,1669568562471,5,,,,,,
com.nick.memasik,265,5.8.3,en,a32,2022-11-27T17:20:09Z,1669569609812,2022-11-27T17:20:09Z,1669569609812,5,,,,,,
com.nick.memasik,,,pt,j1mini3g,2022-11-27T17:50:23Z,1669571423726,2022-11-27T17:50:23Z,1669571423726,4,,,,,,
com.nick.memasik,265,5.8.3,en,beyond0q,2022-11-27T19:06:06Z,1669575966113,2022-11-27T19:06:06Z,1669575966113,5,,Perfect for my needs,,,,http://play.google.com/console/developers/4768719844986755425/app/4973118153552701745/user-feedback/review-details?reviewId=38a3a453-d89f-4a07-adee-62fe13a3acea&corpus=PUBLIC_REVIEWS
com.nick.memasik,265,5.8.3,es,lancelot,2022-11-27T23:03:40Z,1669590220599,2022-11-27T23:03:40Z,1669590220599,5,,Un √Ångel de Dios 20/10 y god,,,,http://play.google.com/console/developers/4768719844986755425/app/4973118153552701745/user-feedback/review-details?reviewId=749b735f-e103-4702-aac7-8aa931b46abd&corpus=PUBLIC_REVIEWS
com.nick.memasik,265,5.8.3,es,a10,2022-11-27T23:45:55Z,1669592755478,2022-11-27T23:45:55Z,1669592755478,5,,Esta buena,,,,http://play.google.com/console/developers/4768719844986755425/app/4973118153552701745/user-feedback/review-details?reviewId=9afe0b77-963a-49dc-a5e6-ea6eb073d7b6&corpus=PUBLIC_REVIEWS
com.nick.memasik,265,5.8.3,es,cebu,2022-11-28T00:49:20Z,1669596560572,2022-11-28T00:49:20Z,1669596560572,5,,Excelente,,,,http://play.google.com/console/developers/4768719844986755425/app/4973118153552701745/user-feedback/review-details?reviewId=ba3db681-d83d-4c73-bd4b-d5c193ec23dc&corpus=PUBLIC_REVIEWS
com.nick.memasik,265,5.8.3,ru,lancelot,2022-11-28T12:34:47Z,1669638887558,2022-11-28T12:34:47Z,1669638887558,5,,,,,,
com.nick.memasik,,,ro,a10,2022-11-28T19:34:20Z,1669664060234,2022-11-28T19:34:20Z,1669664060234,5,,Ce cringeü§£üòÇ,,,,http://play.google.com/console/developers/4768719844986755425/app/4973118153552701745/user-feedback/review-details?reviewId=7b00853b-65c3-4824-af42-773c8001308c&corpus=PUBLIC_REVIEWS
com.nick.memasik,265,5.8.3,pl,RMX3085L1,2022-11-28T20:47:26Z,1669668446521,2022-11-28T20:47:26Z,1669668446521,5,,Zajebiste,,,,http://play.google.com/console/developers/4768719844986755425/app/4973118153552701745/user-feedback/review-details?reviewId=092df1c6-640d-43d8-86a6-9507f478093d&corpus=PUBLIC_REVIEWS
com.nick.memasik,265,5.8.3,fr,opal,2022-11-28T21:24:06Z,1669670646451,2022-11-28T21:24:06Z,1669670646451,4,,,,,,
com.nick.memasik,265,5.8.3,en,Buffalo_TMO,2022-11-28T23:57:04Z,1669679824147,2022-11-28T23:57:04Z,1669679824147,5,,Great app too see and make memes,,,,http://play.google.com/console/developers/4768719844986755425/app/4973118153552701745/user-feedback/review-details?reviewId=059151a3-e44b-4efe-b8e7-0adf272aa2e9&corpus=PUBLIC_REVIEWS
com.nick.memasik,265,5.8.3,es,DM5,2022-11-29T04:13:54Z,1669695234713,2022-11-29T04:13:54Z,1669695234713,5,,,,,,
com.nick.memasik,265,5.8.3,ru,citrus,2022-11-29T05:50:13Z,1669701013699,2022-11-29T05:50:13Z,1669701013699,4,,"–¢–æ–ø –ø—Ä–∏–ª–∞–∂–∫–∞,–ø—Ä–æ–±–ª–µ–º—ã —Å —Ä–µ–≥–∏—Å—Ç—Ä–∞—Ü–∏–µ–π",,,,http://play.google.com/console/developers/4768719844986755425/app/4973118153552701745/user-feedback/review-details?reviewId=92394292-b0ca-4745-8486-74bc6f558074&corpus=PUBLIC_REVIEWS
com.nick.memasik,,,ru,lavender,2022-11-29T12:11:31Z,1669723891350,2022-11-29T12:11:31Z,1669723891350,1,,"–ü–æ–º–æ–π–∫–∞ –≥–¥–µ –Ω–µ—Ç –º–µ–º–æ–≤ , –∞ —Ç–æ–ª—å–∫–æ –ø—Ä–æ –≤–æ–π–Ω—É –¢–æ —á—Ç–æ —Ä–∞–∑—Ä–∞–± —Ä–∞—Å–∏—Å—Ç –∏ –Ω–∞—Ü–∏—Å—Ç –¥–æ–∫–∞–∑—ã–≤–∞–µ—Ç —Ç–æ —á—Ç–æ –æ–Ω –∑–∞–∫—Ä—ã–ª –ø—Ä–∏–ª—É –≤ —Ä–æ—Å–∏–∏",,,,http://play.google.com/console/developers/4768719844986755425/app/4973118153552701745/user-feedback/review-details?reviewId=f63076d8-4fef-46fd-b8d0-fdfd1754e3a0&corpus=PUBLIC_REVIEWS
com.nick.memasik,265,5.8.3,pt,aruba,2022-11-29T13:21:48Z,1669728108445,2022-11-29T13:21:54Z,1669728114719,2,,Gente uma coisa: quando eu to querendo postar meme mesmo com a internet boa N√ÉO D√Å PRA POSTAR! por favor corrige esse bug q eu dou 5 estrelas e te envio 20 memecoins,,,,http://play.google.com/console/developers/4768719844986755425/app/4973118153552701745/user-feedback/review-details?reviewId=9709d843-9771-4a48-b983-f91923cbf2f7&corpus=PUBLIC_REVIEWS
com.nick.memasik,,,es,eos,2022-11-29T15:25:59Z,1669735559314,2022-11-29T15:25:59Z,1669735559314,5,,,,,,
com.nick.memasik,,,pt,a11q,2022-11-29T18:29:30Z,1669746570669,2022-11-29T18:29:30Z,1669746570669,4,,Aplicativo bom. SE NAO FOSSE A MALDI√á√ÉO QUE MEU CLL PEGOU Q EU TO PRESO EM UMA CONTA,,,,http://play.google.com/console/developers/4768719844986755425/app/4973118153552701745/user-feedback/review-details?reviewId=452d1421-576a-4b91-8b5b-28f672dea565&corpus=PUBLIC_REVIEWS
com.nick.memasik,,,en,a51,2022-11-30T01:47:22Z,1669772842997,2022-11-30T01:47:22Z,1669772842997,2,,,,,,
com.nick.memasik,265,5.8.3,pt,gta4lwifi,2022-11-30T06:04:55Z,1669788295684,2022-11-30T06:04:55Z,1669788295684,5,,√â muito bom vc pode usar sua imagina√ß√£o e criar memes e √© bom para aquelas pessoas que sonham fazer memes bons e serem famosas,,,,http://play.google.com/console/developers/4768719844986755425/app/4973118153552701745/user-feedback/review-details?reviewId=7b45e258-71f9-461c-bc19-100ade1a9caa&corpus=PUBLIC_REVIEWS
com.nick.memasik,265,5.8.3,ro,gta4lwifi,2022-08-11T15:24:49Z,1660231489114,2022-11-30T09:22:14Z,1669800134368,5,,"Hello Memasik,can you please fix this bug? because it shows me that I follow random people,but i never followed them.",2022-09-19T13:26:04Z,1663593964727,"Hi, the problem was fixed ;) Is there something we can do to get 5 stars? Please let us know at memasikapp@gmail.com.",http://play.google.com/console/developers/4768719844986755425/app/4973118153552701745/user-feedback/review-details?reviewId=29cab071-0bea-484a-92be-474f286c2faa&corpus=PUBLIC_REVIEWS
com.nick.memasik,,,en,RED8D1,2022-11-30T11:35:22Z,1669808122089,2022-11-30T11:35:22Z,1669808122089,4,,Madara dimari ada Madara jangan mimpi!,,,,http://play.google.com/console/developers/4768719844986755425/app/4973118153552701745/user-feedback/review-details?reviewId=0f4e41bf-fc70-46b7-97c2-c6b1b8775433&corpus=PUBLIC_REVIEWS
com.nick.memasik,265,5.8.3,ru,TECNO-KE5,2022-11-30T14:08:37Z,1669817317611,2022-11-30T14:08:37Z,1669817317611,5,,,,,,
com.nick.memasik,265,5.8.3,de,a10,2022-11-30T15:56:10Z,1669823770147,2022-11-30T15:56:10Z,1669823770147,5,,,,,,
com.nick.memasik,265,5.8.3,en,dreamqltesq,2022-11-30T21:02:46Z,1669842166543,2022-11-30T21:02:46Z,1669842166543,4,,,,,,